S.No.,Area No.,Dept No.,Location,Jan ,Feb,Mar,Apr ,May,Jun,Jul,Aug,Sep,Oct,Nov,Dec,Yearly Average,Year,Post-Monsoon Rise,Recharge Potential,Low Level
1.0,I,1,Kathivakkam,1.85,1.9,1.82,1.89,1.86,1.88,1.92,,1.87,1.74,1.339,1.601,1.788181818181818,2021,-0.1399999999999999,High,Yes
2.0,I,2,Kathivakkam,3.26,3.32,3.36,3.39,3.44,3.48,3.48,1.9,3.48,3.44,2.835,3.174,3.2132500000000004,2021,-0.040000000000000036,High,No
3.0,I,3,Ernavoor,2.17,2.26,2.37,2.34,2.26,2.29,2.39,3.47,2.35,2.11,1.434,1.881,2.2770833333333336,2021,-0.18000000000000016,High,Yes
6.0,I,6,Murugappa Nagar,1.45,1.62,1.71,1.8,1.9,1.96,1.97,3.34,1.91,1.82,0.972,1.31,1.8135000000000001,2021,-0.1399999999999999,High,Yes
7.0,I,7,Raja Shanmugam Nagar,2.05,2.25,2.33,2.53,2.56,2.48,1.77,1.9,1.66,1.54,0.641,1.32,1.91925,2021,-0.94,Low,Yes
8.0,I,8,Gandhinagar,4.3,4.39,4.44,4.51,4.57,4.62,4.98,4.76,4.61,4.53,3.754,3.958,4.451833333333333,2021,-0.08999999999999986,High,No
9.0,I,9,Amsa Thottam,6.55,6.82,7.02,7.24,7.36,7.47,7.25,7.25,7.22,7.04,5.765,6.125,6.925833333333334,2021,-0.4299999999999997,High,No
10.0,I,10,Chinna Mettupalaiyam,4.71,4.9,5.05,5.29,5.47,5.64,5.65,5.73,5.77,5.65,5.782,5.92,5.4635,2021,0.010000000000000675,High,No
12.0,I,12,Sathankadu,3.67,3.76,3.83,3.94,4.03,4.12,4.19,0.6,4.3,4.35,2.918,2.403,3.5092499999999998,2021,0.22999999999999954,High,No
13.0,I,13,Thilagar Nagar,0.52,0.82,1.02,0.36,0.42,0.51,0.55,5.32,0.62,0.65,2.223,,1.1829999999999998,2021,0.14,High,Yes
14.0,I,14,Kaladipettai,5.1,5.21,5.28,5.39,5.45,5.57,5.38,5.34,5.34,5.22,,4.457,5.248818181818182,2021,-0.35000000000000053,High,No
15.0,I,15,Edayanchavadi,1.7,1.81,2.07,2.42,2.66,2.76,1.89,1.87,2.31,2.43,0.405,0.984,1.9424166666666665,2021,-0.3299999999999996,High,Yes
16.0,I,16,Sadayankuppam,1.28,1.87,2.12,2.57,2.86,2.94,2.41,2.5,2.68,2.46,,0.555,2.204090909090909,2021,-0.48,High,Yes
21.0,I,21,Chinna Sekadu (Part),2.76,3.14,3.38,2.7,3.13,3.29,3.44,3.54,3.48,3.46,,2.635,3.1777272727272727,2021,0.16999999999999993,High,No
29.0,III,29,Chinnandi Madam,0.36,0.76,1.13,2.14,2.82,3.23,1.57,1.4,1.31,1.12,,-0.18,1.4236363636363636,2021,-2.11,Low,Yes
30.0,III,30,Alex Nagar,10.31,6.23,6.54,7.16,7.66,8.19,8.05,8.01,8.03,7.65,1.658,1.975,6.788583333333334,2021,-0.5399999999999991,High,No
35.0,IV,35,Thiruvalluvar Nagar,11.43,11.27,11.98,11.38,11.32,11.48,11.4,11.52,11.16,10.92,,6.906,10.978727272727273,2021,-0.5600000000000005,High,No
38.0,IV,38,Dr.Radhakrishnan Nagar (North),2.71,2.92,7.94,3.26,3.17,3.26,3.04,5.34,2.8,2.8,1.605,2.199,3.4203333333333323,2021,-0.45999999999999996,High,No
39.0,IV,39,Cheriyan Nagar North / South,4.66,4.81,7.4,5.07,5.13,5.27,5.12,2.66,4.99,4.82,3.151,3.472,4.712750000000001,2021,-0.4499999999999993,High,No
40.0,IV,40,Jeeva Nagar (North),4.29,4.43,3.66,4.84,5.07,5.29,5.39,5.83,5.53,5.01,1.08,2.085,4.375416666666666,2021,-0.28000000000000025,High,No
42.0,IV,42,Korukkupet,4.15,4.36,6.54,4.73,4.9,5.07,5.15,5.04,4.7,4.52,1.491,1.652,4.358583333333335,2021,-0.5500000000000007,High,No
43.0,IV,43,Tondiarpet,2.91,3.12,7.4,3.55,3.78,3.95,4.0,11.36,3.93,3.88,1.477,1.587,4.245333333333334,2021,-0.07000000000000028,High,No
50.0,V,50,Royapuram,3.85,4.04,4.17,4.28,4.35,4.4,4.42,4.93,4.43,4.42,2.182,2.273,3.9787500000000002,2021,0.019999999999999574,High,No
54.0,V,54,Kondithope / Peddunaickenpet,3.93,4.08,4.22,4.71,4.36,4.28,3.94,4.98,3.9,4.03,2.236,3.042,3.9756666666666667,2021,-0.25,High,No
56.0,V,56,Muthialpet,10.67,11.5,11.51,11.52,11.51,11.52,11.51,11.36,11.46,11.4,11.042,10.944,11.328833333333334,2021,-0.11999999999999922,High,No
58.0,V,58,Poonga Nagar,10.83,10.94,11.03,10.9,10.51,10.47,10.31,10.3,10.29,10.16,8.32,8.584,10.220333333333334,2021,-0.3100000000000005,High,No
60.0,V,60,Vallal Seethakathi Nagar,3.69,3.73,3.76,3.79,3.82,3.84,3.86,3.89,3.9,3.92,3.91,3.899,3.8340833333333335,2021,0.08000000000000007,High,No
62.0,V,62,Chintadripet,2.55,2.83,3.1,3.26,3.24,3.13,2.66,2.58,2.52,2.47,1.11,2.194,2.6369999999999996,2021,-0.6599999999999997,Low,Yes
64.0,VI,64,Kolathur,1.46,1.76,1.96,1.92,2.07,2.08,1.1,0.76,1.18,0.74,0.316,1.444,1.3991666666666667,2021,-1.34,Low,Yes
65.0,VI,65,Venus Nagar,1.72,2.16,2.21,1.92,2.11,2.11,1.41,1.6,1.34,1.03,0.728,1.466,1.6503333333333334,2021,-1.0799999999999998,Low,Yes
83.0,VII,83,Puthagaram,1.09,1.26,1.36,1.56,1.63,1.89,1.73,4.3,0.9,0.64,0.12,0.277,1.3964166666666669,2021,-1.25,Low,Yes
86.0,VII,86,Ayyappakkam,3.19,3.66,4.13,4.54,4.85,5.25,5.39,10.39,5.28,5.15,1.476,2.444,4.645833333333334,2021,-0.09999999999999964,High,No
94.0,VIII,94,Villivakkam North,1.25,1.88,2.08,2.72,4.35,5.04,3.04,2.21,2.1,1.61,0.444,1.152,2.323,2021,-3.4299999999999997,Low,Yes
98.0,VIII,98,Pannerselvam Nagar,4.51,4.48,4.51,4.53,4.58,4.67,4.75,4.74,4.27,4.12,,0.515,4.152272727272727,2021,-0.5499999999999998,High,No
108.0,VIII,108,Aminjikarai Central,1.87,1.98,2.14,2.45,2.71,2.98,2.02,1.85,1.23,1.1,0.69,1.346,1.8638333333333337,2021,-1.88,Low,Yes
111.0,IX,111,Thousand Lights,10.93,11.73,12.06,11.29,9.81,9.73,10.04,11.49,11.62,12.09,9.144,9.098,10.75266666666667,2021,2.3599999999999994,High,No
117.0,IX,117,Sathiyamoorthi Nagar,6.75,6.83,6.81,7.17,6.79,6.67,6.64,7.48,6.93,6.83,2.806,4.65,6.363,2021,0.16000000000000014,High,No
118.0,IX,118,Teynampet,11.6,11.07,10.84,10.78,10.32,10.86,10.73,7.16,10.78,10.67,3.801,4.981,9.466,2021,-0.1899999999999995,High,No
122.0,IX,122,Alwarpet (South),10.39,10.9,11.58,12.38,11.93,12.02,11.75,3.06,12.11,12.09,4.406,8.546,10.096833333333334,2021,0.07000000000000028,High,No
137.0,X,137,Kodambakkam (S),2.02,2.07,2.09,2.5,2.6,2.66,2.16,1.99,1.6,1.22,0.612,1.676,1.9331666666666665,2021,-1.4400000000000002,Low,Yes
138.0,X,138,Kalaignar Karunanidhi Nagar,9.79,10.52,15.48,0.0,14.82,16.24,15.94,15.22,14.49,15.81,6.339,7.28,11.827416666666664,2021,-0.42999999999999794,High,No
140.0,X,140,Kumaran Nagar North / South,2.64,3.32,3.69,3.91,3.66,3.8,3.55,7.96,3.68,3.45,0.579,1.579,3.484833333333334,2021,-0.34999999999999964,High,No
141.0,X,141,VOC Nagar,10.98,11.15,11.39,11.34,10.61,10.49,10.54,10.78,10.84,11.11,7.838,9.269,10.528083333333333,2021,0.6199999999999992,High,No
142.0,X,142,Saidapet East,7.31,7.4,7.54,7.75,7.89,7.97,7.89,7.92,7.84,7.68,4.861,5.031,7.256833333333334,2021,-0.29000000000000004,High,No
144.0,XI,144,Mettukuppam,3.53,4.33,4.97,5.38,5.41,5.78,5.64,5.6,5.54,5.27,0.963,2.221,4.552833333333333,2021,-0.5100000000000007,High,No
146.0,XI,146,Nerkundram,2.2,2.88,3.2,3.49,3.84,4.26,4.11,0.0,4.25,4.2,1.2,0.929,2.879916666666667,2021,-0.05999999999999961,High,No
147.0,XI,147,Maduravoyal,1.23,2.07,2.56,2.75,3.3,3.54,3.44,4.23,3.7,3.56,,0.269,2.786272727272727,2021,0.020000000000000018,High,No
148.0,XI,148,Nerkundram,2.03,2.51,3.06,2.74,3.29,4.02,3.65,3.72,0.0,3.25,0.537,1.36,2.5139166666666664,2021,-0.7699999999999996,Low,Yes
151.0,XI,151,Porur,2.48,3.07,3.49,3.18,3.37,4.66,4.62,3.16,4.77,4.69,0.773,1.485,3.312333333333333,2021,0.03000000000000025,High,No
152.0,XI,152,Valasaravakkam,2.99,3.38,3.73,3.93,4.26,4.78,4.76,4.73,5.0,5.11,1.563,2.188,3.868416666666667,2021,0.33000000000000007,High,No
153.0,XI,153,Porur,3.18,3.62,3.98,4.11,4.41,4.69,4.39,5.02,4.61,4.98,2.397,2.927,4.026166666666668,2021,0.29000000000000004,High,No
154.0,XI,154,Ramapuram,2.95,3.67,4.05,4.19,4.54,5.18,5.03,4.09,4.96,4.78,0.157,1.586,3.76525,2021,-0.39999999999999947,High,No
155.0,XI,155,Ramapuram,3.06,3.26,3.48,4.44,4.81,4.37,4.37,4.88,4.38,4.3,0.44,1.923,3.64275,2021,-0.07000000000000028,High,No
156.0,XII,156,Mugalivakkam,11.82,12.76,14.07,14.67,14.27,15.11,15.12,4.38,15.41,15.22,9.035,11.937,12.816833333333333,2021,0.11000000000000121,High,No
157.0,XII,157,Manapakkam,2.26,3.23,4.02,5.0,5.67,6.48,6.48,15.19,6.62,5.98,0.658,1.91,5.291499999999999,2021,-0.5,High,No
161.0,XII,161,Alandur Part / Adampakkam Part,2.7,2.8,2.61,2.65,2.97,2.71,2.79,4.48,2.55,2.55,1.83,2.634,2.7728333333333333,2021,-0.16000000000000014,High,No
166.0,XII,166,B.V.Nagar / Nanganallur Part,1.97,2.37,2.51,3.24,3.2,4.76,2.64,2.79,1.88,1.82,1.409,2.097,2.557166666666667,2021,-2.9399999999999995,Low,Yes
170.0,XIII,170,Guindy West,4.3,4.64,4.82,5.12,5.17,5.32,5.19,2.48,5.17,4.99,0.871,2.774,4.237083333333334,2021,-0.33000000000000007,High,No
171.0,XIII,171,GD Naidu Nagar South,5.68,5.94,6.17,6.44,6.38,6.5,6.29,5.22,6.42,6.3,1.25,3.433,5.501916666666666,2021,-0.20000000000000018,High,No
172.0,XIII,172,GD Naidu Nagar East,1.19,1.13,1.56,1.67,1.74,2.89,1.52,6.35,1.2,2.27,,0.302,1.9838181818181817,2021,-0.6200000000000001,Low,Yes
173.0,XIII,173,Raja Annamalaipuram,1.45,1.65,1.83,1.92,2.03,1.8,1.61,1.47,0.0,1.18,0.031,1.11,1.3400833333333333,2021,-0.6200000000000001,Low,Yes
174.0,XIII,174,Guindy East,1.4,1.53,1.74,1.58,1.86,2.07,1.71,1.52,1.31,1.29,0.875,1.605,1.5408333333333335,2021,-0.7799999999999998,Low,Yes
177.0,XIII,177,Velachery,2.03,2.65,2.87,2.98,2.67,2.01,1.93,4.06,0.0,1.09,0.575,1.006,1.9892499999999995,2021,-0.9199999999999997,Low,Yes
178.0,XIII,178,Velachery,1.11,1.13,1.21,1.17,1.16,0.98,0.66,1.38,0.34,0.41,0.211,0.545,0.8588333333333334,2021,-0.5700000000000001,Low,Yes
179.0,XIII,179,Velachery,2.81,3.11,3.24,3.42,3.47,3.35,2.77,0.48,2.1,1.82,0.952,1.977,2.45825,2021,-1.53,Low,Yes
180.0,XIII,180,Thiruvanmiyur West,1.02,1.24,1.46,1.57,1.87,1.62,1.47,2.46,0.74,0.9,0.304,0.48,1.2611666666666668,2021,-0.7200000000000001,Low,Yes
181.0,XIII,181,Thiruvanmiyur,1.83,2.07,2.26,2.42,2.56,2.68,2.63,1.05,2.48,2.17,0.41,1.125,1.97375,2021,-0.5100000000000002,High,Yes
,XIV,169,Puzhuthivakkam,0.87,1.29,1.74,2.43,1.99,2.06,1.27,6.23,0.17,0.31,,0.52,1.7163636363636365,2021,-1.75,Low,Yes
185.0,XIV,185,Palavakkam,3.37,3.57,3.62,3.85,3.99,4.07,3.86,3.02,3.71,3.63,2.269,3.064,3.501916666666667,2021,-0.4400000000000004,High,No
187.0,XIV,187,Madipakkam,1.45,1.84,2.2,2.42,2.94,3.31,2.75,3.02,2.14,2.35,0.17,0.358,2.079,2021,-0.96,Low,Yes
192.0,XV,192,Neelankarai,4.5,4.62,4.99,5.37,5.67,5.85,5.78,5.86,5.93,5.82,2.444,3.463,5.02475,2021,-0.02999999999999936,High,No
193.0,XV,193,Neelankarai,1.81,2.24,2.45,2.67,3.47,3.53,3.51,3.39,3.02,3.06,2.222,2.456,2.8190000000000004,2021,-0.46999999999999975,High,No
194.0,XV,194,Okkiyam Thuraipakkam,2.14,2.24,2.42,2.64,2.53,2.62,2.38,2.14,2.09,2.06,1.299,1.902,2.205083333333333,2021,-0.56,High,Yes
195.0,XV,195,Okkiyam Thuraipakkam,1.8,2.21,2.01,2.1,1.96,1.93,1.79,1.53,1.59,1.69,1.027,1.706,1.7785833333333334,2021,-0.24,High,Yes
196.0,XV,196,Injampakkam,5.62,5.92,6.15,6.44,6.6,6.76,6.74,6.74,6.7,6.5,4.831,5.149,6.179166666666667,2021,-0.2599999999999998,High,No
199.0,XV,199,Uthandi,1.82,1.93,2.19,2.48,2.58,2.77,2.61,2.82,2.43,2.19,0.588,1.155,2.13025,2021,-0.5800000000000001,Low,Yes
1.0,I,1,Kathivakkam,1.619,1.706,1.72,1.71,1.76,1.68,1.68,1.68,1.54,1.38,1.4,1.427,1.6084999999999996,2022,-0.30000000000000004,High,Yes
2.0,I,2,Kathivakkam,3.202,3.249,3.29,3.3,3.32,3.39,3.4,3.431,3.44,3.4,3.21,3.348,3.331666666666667,2022,0.009999999999999787,High,No
3.0,I,3,Ernavoor,2.135,2.255,2.3,2.301,2.3,2.11,2.29,2.28,2.22,1.99,1.91,3.113,2.267,2022,-0.11999999999999988,High,Yes
4.0,I,4,Sadaiyankuppam,3.321,3.482,3.61,10.36,3.72,3.81,3.8,3.8,3.8,3.45,3.27,3.17,4.132750000000001,2022,-0.3599999999999999,High,No
5.0,I,5,Kamadhenu Nagar,3.211,3.326,3.45,3.52,3.38,3.15,0.0,,3.52,3.25,,3.93,3.0736999999999997,2022,0.10000000000000009,High,No
6.0,I,6,Murugappa Nagar,1.354,1.486,1.57,1.652,1.68,1.76,1.761,1.774,1.8,1.71,1.71,1.036,1.6077500000000002,2022,-0.050000000000000044,High,Yes
7.0,I,7,Raja Shanmugam Nagar,1.317,1.46,1.58,1.916,1.97,1.4,1.489,1.558,1.56,1.37,1.07,1.39,1.5066666666666668,2022,-0.029999999999999805,High,Yes
8.0,I,8,Gandhinagar,4.053,4.183,4.26,4.343,4.36,4.44,4.478,4.515,4.52,4.41,4.19,5.326,4.423166666666666,2022,-0.03000000000000025,High,No
9.0,I,9,Amsa Thottam,6.276,6.496,6.75,6.989,7.04,6.77,6.77,6.97,7.09,6.82,6.17,5.88,6.668416666666666,2022,0.05000000000000071,High,No
10.0,I,10,Chinna Mettupalaiyam,3.848,4.032,4.16,4.434,4.49,4.63,4.694,4.83,4.96,4.98,3.95,2.916,4.327000000000001,2022,0.35000000000000053,High,No
11.0,I,11,Ondikuppam,3.57,3.913,4.25,4.595,4.65,4.52,4.49,4.709,4.77,4.53,3.46,3.094,4.212583333333334,2022,0.010000000000000675,High,No
12.0,I,12,Sathankadu,2.51,2.67,2.86,3.039,3.09,3.3,3.3,3.3,3.68,3.75,2.75,3.01,3.104916666666666,2022,0.4500000000000002,High,No
13.0,I,13,Thilagar Nagar,,0.431,0.29,0.17,0.15,0.04,0.002,0.044,0.09,0.09,0.09,1.09,0.2260909090909091,2022,0.049999999999999996,High,Yes
14.0,I,14,Kaladipettai,4.627,4.906,5.14,5.752,5.63,5.24,5.572,5.664,5.78,5.27,5.56,5.87,5.417583333333334,2022,0.02999999999999936,High,No
15.0,I,15,Edayanchavadi,0.851,1.246,1.6,2.04,2.13,1.53,1.483,2.035,2.07,1.47,0.74,1.74,1.5779166666666666,2022,-0.06000000000000005,High,Yes
16.0,I,16,Sadayankuppam,0.474,0.886,1.31,1.76,1.86,1.28,1.444,1.752,1.59,1.11,0.32,1.23,1.2513333333333334,2022,-0.16999999999999993,High,Yes
17.0,I,17,Theeumpakkam,0.276,0.852,1.48,2.13,2.69,1.48,1.654,2.233,2.07,1.02,0.08,1.39,1.44625,2022,-0.45999999999999996,High,Yes
18.0,I,18,Manali,1.602,2.212,2.77,5.79,5.62,5.2,5.522,3.708,5.91,6.34,4.25,3.543,4.37225,2022,1.1399999999999997,High,No
19.0,I,19,Chinna Mathur,4.476,4.764,5.55,6.83,6.93,6.38,6.349,6.916,7.0,7.03,,7.09,6.301363636363636,2022,0.6500000000000004,High,No
20.0,I,20,Mathur,4.606,6.763,6.19,8.49,8.15,7.76,7.646,7.524,7.32,7.79,5.65,8.202,7.174250000000001,2022,0.03000000000000025,High,No
21.0,I,21,Chinna Sekadu (Part),2.605,2.865,3.09,1.91,2.12,2.67,1.448,2.938,3.01,1.19,0.43,1.745,2.168416666666667,2022,-1.48,Low,Yes
22.0,III,22,Kavankarai,2.73,2.563,2.75,4.213,3.7,2.02,2.318,2.891,2.9,2.63,3.03,3.79,2.96125,2022,0.6099999999999999,High,No
23.0,III,23,Puzhal,5.908,7.55,8.49,8.86,8.88,6.25,6.59,8.199,8.62,6.15,5.59,6.22,7.275583333333334,2022,-0.09999999999999964,High,No
24.0,III,24,Surappattu,2.568,3.75,8.3,14.482,16.01,12.98,10.627,15.078,17.56,15.97,3.12,3.032,10.28975,2022,2.99,High,No
26.0,III,26,Madhavaram,2.896,4.353,8.15,12.897,11.71,7.18,5.786,10.266,11.85,9.17,2.94,4.406,7.633666666666667,2022,1.9900000000000002,High,No
27.0,III,27,Milk Colony,1.999,2.881,3.65,5.196,5.37,5.37,11.43,5.0,6.21,5.67,2.11,5.324,5.0175,2022,0.2999999999999998,High,No
28.0,III,28,Chinna Sekadu,1.216,1.73,2.23,2.727,2.84,3.53,2.897,3.285,3.46,3.25,1.91,4.4,2.7895833333333333,2022,-0.2799999999999998,High,No
29.0,III,29,Chinnandi Madam,,0.26,0.64,1.157,1.26,1.192,0.316,0.671,0.8,0.87,0.59,2.448,0.9276363636363637,2022,-0.32199999999999995,High,Yes
30.0,III,30,Alex Nagar,1.765,2.293,2.98,4.069,4.26,4.1,4.21,4.913,5.212,4.82,10.29,11.33,5.020166666666666,2022,0.7200000000000006,High,No
31.0,III,31,Moolakadai,2.229,2.84,3.56,4.553,4.79,5.01,4.493,5.158,5.59,5.67,2.33,5.363,4.2988333333333335,2022,0.6600000000000001,High,No
32.0,III,32,Kalpalaiyam,10.959,14.112,16.89,18.709,19.67,19.72,14.985,19.45,17.08,19.87,12.01,12.888,16.361916666666666,2022,0.15000000000000213,High,No
33.0,III,33,Thatankulam,2.337,3.257,3.96,5.719,5.67,4.45,4.154,5.174,5.83,5.72,2.47,4.53,4.43925,2022,1.2699999999999996,High,No
34.0,IV,34,Kodungaiyur (West),2.277,3.274,4.22,5.147,5.08,5.1,5.18,4.85,5.31,5.23,1.88,5.655,4.433583333333334,2022,0.13000000000000078,High,No
35.0,IV,35,Thiruvalluvar Nagar,5.659,5.83,6.28,6.815,6.95,7.6,7.525,7.66,7.88,7.83,5.45,6.7,6.848250000000001,2022,0.23000000000000043,High,No
36.0,IV,36,Perambur (East),3.557,4.341,6.28,5.692,5.7,7.6,4.952,5.134,7.88,7.83,5.45,7.25,5.972166666666666,2022,0.23000000000000043,High,No
38.0,IV,38,Dr.Radhakrishnan Nagar (North),2.209,2.481,2.66,2.809,2.84,2.58,2.531,2.759,2.8,2.6,2.15,2.942,2.6134166666666667,2022,0.020000000000000018,High,Yes
39.0,IV,39,Cheriyan Nagar North / South,3.603,3.749,4.09,4.329,4.35,4.43,4.326,4.512,4.53,4.46,3.6,5.065,4.253666666666667,2022,0.03000000000000025,High,No
40.0,IV,40,Jeeva Nagar (North),2.136,2.205,2.29,2.376,2.4,2.52,2.571,2.626,2.68,2.74,2.73,2.904,2.5148333333333337,2022,0.2200000000000002,High,Yes
41.0,IV,41,Vyasarpadi North / Kumarasamy Nagar North,2.202,2.453,2.74,3.05,3.11,2.42,2.573,2.403,2.55,2.47,2.47,3.408,2.6540833333333333,2022,0.050000000000000266,High,Yes
42.0,IV,42,Korukkupet,1.739,1.874,2.04,2.211,2.26,2.55,2.61,2.696,2.78,2.87,2.31,0.794,2.2278333333333333,2022,0.3200000000000003,High,Yes
43.0,IV,43,Tondiarpet,1.645,1.849,2.09,2.361,2.44,2.91,2.955,3.05,3.17,3.2,1.94,0.0,2.3008333333333333,2022,0.29000000000000004,High,Yes
44.0,IV,44,Perambur (North),11.493,11.498,11.73,12.052,12.08,12.24,12.055,12.106,12.07,12.04,12.04,13.51,12.076166666666664,2022,-0.20000000000000107,High,No
45.0,IV,45,Elango Nagar,7.389,7.48,7.53,7.596,7.6,7.62,7.588,7.577,7.57,7.55,4.93,4.901,7.1109166666666646,2022,-0.07000000000000028,High,No
46.0,IV,46,Vyasarpadi (South),2.036,2.556,3.07,3.571,3.73,2.96,2.743,2.914,2.77,2.75,2.03,2.001,2.7609166666666667,2022,-0.20999999999999996,High,No
47.0,IV,47,Dr.Radhakrishnan Nagar (South),1.714,2.017,2.29,2.698,2.73,2.11,2.037,2.052,2.22,2.3,1.49,1.648,2.108833333333333,2022,0.18999999999999995,High,Yes
48.0,IV,48,Mottai Thottam,2.028,2.364,2.75,3.293,3.34,2.65,2.554,2.871,3.13,3.47,2.11,1.669,2.685749999999999,2022,0.8200000000000003,High,No
49.0,V,49,Grace Garden,3.035,3.303,3.66,4.141,4.21,4.12,4.04,4.26,4.49,4.66,2.94,1.336,3.682916666666666,2022,0.54,High,No
50.0,V,50,Royapuram,2.175,2.393,2.48,2.522,2.53,2.62,2.635,2.655,2.68,2.71,2.32,3.58,2.608333333333333,2022,0.08999999999999986,High,Yes
51.0,V,51,Narayana Garden / Old Washermenpet,2.866,3.179,3.54,4.193,3.97,3.87,3.988,4.125,4.26,4.26,2.81,3.969,3.7525,2022,0.3899999999999997,High,No
52.0,V,52,Meenakshiammanpet,3.551,3.764,4.01,4.294,4.38,4.59,4.438,4.609,4.71,4.72,3.22,3.143,4.119083333333333,2022,0.1299999999999999,High,No
53.0,V,53,Basin Bridge,24.832,0.0,24.83,24.82,24.83,24.83,24.83,24.83,24.83,24.83,24.83,25.86,22.846,2022,0.0,High,No
54.0,V,54,Kondithope / Peddunaickenpet,3.008,3.304,3.64,4.246,4.21,3.65,4.122,3.812,4.14,4.27,3.66,5.169,3.935916666666666,2022,0.6199999999999997,High,No
55.0,V,55,Seven Wells (North / South),3.218,4.494,4.97,5.492,5.51,5.27,5.692,5.987,6.2,6.3,4.85,2.752,5.06125,2022,1.0300000000000002,High,No
56.0,V,56,Muthialpet,4.068,10.771,10.972,10.689,10.67,10.52,10.605,10.6,,10.48,,9.812,9.9187,2022,-0.03999999999999915,High,No
57.0,V,57,Sowcarpet,10.877,4.189,4.61,5.153,5.12,5.41,5.529,5.92,6.01,6.1,4.69,4.344,5.6626666666666665,2022,0.6899999999999995,High,No
58.0,V,58,Poonga Nagar,7.977,8.438,9.08,9.454,9.46,9.99,9.977,10.033,10.0,9.68,8.05,9.059,9.266499999999999,2022,-0.3100000000000005,High,No
59.0,V,59,Edapalayam / Nehru Nagar,5.284,6.062,6.7,7.204,7.14,6.86,7.29,7.47,7.47,7.49,5.3,7.44,6.809166666666666,2022,0.6299999999999999,High,No
60.0,V,60,Vallal Seethakathi Nagar,3.887,3.889,3.9,3.908,3.9,3.95,3.962,3.983,4.0,4.02,4.02,4.91,4.027416666666666,2022,0.0699999999999994,High,No
61.0,V,61,Egmore / Pudupet,5.687,6.406,7.18,8.082,8.24,8.98,9.078,9.598,9.52,9.38,6.66,9.626,8.203083333333334,2022,0.40000000000000036,High,No
62.0,V,62,Chintadripet,2.172,2.55,2.72,2.988,2.95,2.49,2.746,2.74,2.71,2.68,1.96,3.799,2.70875,2022,0.18999999999999995,High,No
63.0,V,63,Komaleeswaranpet,,3.183,4.22,4.867,4.81,4.63,4.99,5.36,5.66,5.37,3.15,2.788,4.457090909090908,2022,0.7400000000000002,High,No
64.0,VI,64,Kolathur,1.496,1.856,2.1,2.38,2.38,0.9,1.236,2.075,2.35,1.66,1.53,1.78,1.8119166666666668,2022,0.7599999999999999,High,Yes
65.0,VI,65,Venus Nagar,1.413,1.12,1.56,2.033,2.12,0.45,0.675,1.026,1.29,0.77,0.76,1.526,1.2285833333333334,2022,0.32,High,Yes
66.0,VI,66,Agaram (North),1.344,1.853,2.18,2.42,2.47,2.48,2.52,1.96,1.88,1.85,1.26,3.123,2.111666666666667,2022,-0.6299999999999999,Low,Yes
67.0,VI,67,Agaram (South),6.579,7.643,8.62,9.642,9.92,10.36,10.076,10.251,10.28,10.28,6.37,7.531,8.962666666666669,2022,-0.08000000000000007,High,No
68.0,VI,68,Sembium,7.44,8.624,9.52,10.249,10.43,10.87,10.521,10.723,10.68,10.72,6.16,8.172,9.509083333333331,2022,-0.14999999999999858,High,No
69.0,VI,69,Siruvallur,0.0,0.0,0.0,0.0,0.0,0.0,0.0,0.0,,0.0,,0.564,0.05639999999999999,2022,0.0,High,Yes
71.0,VI,71,Thiru Vi Ka Nagar,13.972,14.458,15.27,15.388,15.51,15.65,15.334,15.282,15.14,15.09,13.51,14.99,14.966166666666668,2022,-0.5600000000000005,High,No
72.0,VI,72,Dr Sathiyavanimuthu Nagar,2.4,2.966,3.32,4.012,4.02,3.37,3.253,3.149,3.29,3.42,2.23,2.203,3.136083333333333,2022,0.04999999999999982,High,No
73.0,VI,73,Pulianthope,7.008,8.052,9.22,10.019,10.13,9.89,9.77,9.77,9.72,9.72,9.72,10.575,9.466166666666668,2022,-0.16999999999999993,High,No
75.0,VI,75,Kosappet,3.386,4.545,5.87,7.216,7.6,7.12,7.649,6.966,7.77,7.93,3.16,3.256,6.038999999999999,2022,0.8099999999999996,High,No
76.0,VI,76,Pattalam SC (G),,,14.55,14.82,14.54,14.55,14.55,14.55,14.55,14.55,14.55,15.696,14.6906,2022,0.0,High,No
77.0,VI,77,Dr. Besant Nagar/ Thattankulam,6.504,7.638,8.75,9.693,9.85,9.41,9.562,9.162,9.55,9.67,6.49,7.432,8.642583333333333,2022,0.2599999999999998,High,No
78.0,VI,78,Choolai,6.029,7.146,8.18,9.108,9.31,7.71,9.34,8.94,9.28,9.52,7.3,7.202,8.255416666666667,2022,1.8099999999999996,High,No
81.0,VII,81,Vijayalakshmipuram,3.62,6.189,8.488,11.37,11.91,2.91,11.553,11.831,2.79,2.68,6.2,6.72,7.188416666666668,2022,-0.22999999999999998,High,No
83.0,VII,83,Puthagaram,0.103,0.525,0.6,0.765,0.66,0.32,0.058,0.107,0.17,0.39,0.2,4.247,0.67875,2022,0.07,High,Yes
84.0,VII,84,Korattur,2.095,2.336,2.58,3.139,3.22,2.67,2.109,2.335,2.57,2.24,,1.395,2.426272727272727,2022,-0.4299999999999997,High,Yes
85.0,VII,85,Menambedu,4.316,6.109,7.67,9.182,9.61,8.94,7.935,8.837,9.54,9.32,4.93,2.216,7.38375,2022,0.3800000000000008,High,No
86.0,VII,86,Ayyappakkam,2.516,3.194,3.85,4.526,4.49,5.04,5.153,5.428,5.8,5.54,3.86,3.524,4.410083333333334,2022,0.5,High,No
87.0,VII,87,Mathiyalagan Nagar,4.251,4.818,5.24,5.935,6.02,4.15,4.303,4.735,4.9,4.38,3.98,4.62,4.777666666666666,2022,0.22999999999999954,High,No
88.0,VII,88,Villivakkam / Anna Nagar West,5.926,6.821,7.47,8.26,8.28,6.65,6.327,6.726,6.78,6.29,5.31,5.341,6.68175,2022,-0.3600000000000003,High,No
89.0,VII,89,Anna Nagar West Extension,2.502,2.947,3.28,3.56,3.61,2.91,2.738,2.76,3.07,2.5,2.31,1.47,2.80475,2022,-0.41000000000000014,High,No
93.0,VII,93,Maduravoyal (Part) / Nerkundram (Part),2.805,3.027,3.24,3.573,3.41,2.66,2.792,2.584,2.74,2.51,2.56,4.074,2.997916666666667,2022,-0.15000000000000036,High,No
94.0,VIII,94,Villivakkam North,1.152,1.976,3.07,4.933,5.01,2.03,2.65,2.874,2.89,1.87,0.99,1.858,2.6085833333333333,2022,-0.1599999999999997,High,Yes
95.0,VIII,95,Vasantham Colony,5.345,5.574,6.68,7.182,7.02,5.99,6.009,6.009,6.06,5.9,4.34,5.699,5.983999999999999,2022,-0.08999999999999986,High,No
96.0,VIII,96,Viduthalai Gurusamy Nagar South,4.491,5.243,5.8,6.215,6.35,5.78,5.892,6.108,6.09,6.19,6.45,4.643,5.771000000000001,2022,0.41000000000000014,High,No
97.0,VIII,97,Ayanavaram,1.543,2.427,2.96,3.534,3.43,2.84,2.852,3.035,3.14,3.08,0.43,2.416,2.6405833333333333,2022,0.2400000000000002,High,Yes
98.0,VIII,98,Pannerselvam Nagar,0.558,0.974,1.24,1.507,1.56,1.14,1.282,1.36,1.47,1.24,0.47,0.514,1.1095833333333334,2022,0.10000000000000009,High,Yes
100.0,VIII,100,Anna Nagar (West),4.619,5.807,7.03,8.959,9.09,7.78,8.403,7.53,7.71,7.32,5.04,4.901,7.01575,2022,-0.45999999999999996,High,No
102.0,VIII,102,Anna Nagar (East),2.257,2.566,2.7,3.245,3.15,2.84,3.086,3.0,3.0,2.96,1.96,2.001,2.7304166666666667,2022,0.1200000000000001,High,No
106.0,VIII,106,Aminjikarai East,1.919,2.486,3.07,3.538,3.55,2.96,4.217,3.013,3.46,2.92,1.92,1.669,2.8935,2022,-0.040000000000000036,High,No
107.0,VIII,107,Chetpet / Kilpauk South,5.285,5.682,6.1,6.466,6.55,6.7,3.064,6.832,6.86,6.68,4.7,4.113,5.752666666666666,2022,-0.020000000000000462,High,No
108.0,VIII,108,Aminjikarai Central,1.251,1.416,1.92,2.335,2.42,6.7,6.713,1.444,6.86,6.68,4.7,5.336,3.9812500000000006,2022,-0.020000000000000462,High,No
109.0,IX,109,Periyar Nagar North,3.511,4.064,4.01,5.021,5.13,5.08,1.606,5.461,5.46,5.03,3.39,3.368,4.260916666666667,2022,-0.04999999999999982,High,No
111.0,IX,111,Thousand Lights,7.465,8.005,9.63,10.554,10.63,5.25,11.381,11.522,12.27,12.68,11.18,10.683,10.104166666666666,2022,7.43,High,No
114.0,IX,114,Chepauk,2.839,3.676,4.44,0.0,5.27,5.21,8.461,5.724,5.9,5.84,5.92,3.014,4.691166666666667,2022,0.6299999999999999,High,No
115.0,IX,115,Amir mahal,2.904,3.899,4.731,5.555,5.72,5.47,5.657,6.133,6.42,6.12,6.25,3.143,5.166833333333333,2022,0.6500000000000004,High,No
116.0,IX,116,Thiruvallikeni,3.051,3.632,3.7,4.497,4.2,5.22,5.5,5.104,5.44,5.22,4.85,3.603,4.501416666666667,2022,0.0,High,No
117.0,IX,117,Sathiyamoorthi Nagar,5.18,6.556,7.64,8.011,9.04,8.21,6.043,8.556,8.7,8.33,7.32,7.457,7.586916666666667,2022,0.11999999999999922,High,No
118.0,IX,118,Teynampet,4.359,5.942,7.0,7.586,7.56,7.97,9.317,8.467,8.82,8.76,6.76,5.169,7.309166666666667,2022,0.79,High,No
119.0,IX,119,Azad Nagar North / South,4.437,5.467,6.38,7.075,6.93,7.1,8.086,7.661,7.76,7.19,5.24,4.931,6.521416666666666,2022,0.09000000000000075,High,No
120.0,IX,120,Krishnampet,2.15,5.477,3.53,3.999,4.09,3.92,4.62,4.306,4.41,4.46,2.55,2.752,3.855333333333333,2022,0.54,High,No
121.0,IX,121,Vivekanandhapuram,1.738,2.977,2.36,2.879,2.67,2.23,4.216,2.549,2.47,2.41,1.66,1.773,2.494333333333333,2022,0.18000000000000016,High,Yes
122.0,IX,122,Alwarpet (South),8.786,1.933,11.66,12.764,13.02,13.07,14.024,14.912,13.96,12.89,10.42,9.812,11.437583333333334,2022,-0.17999999999999972,High,No
123.0,IX,123,Bhemmannapet,4.81,10.024,6.29,7.286,6.86,5.9,5.97,6.456,6.56,6.29,5.2,4.888,6.377833333333335,2022,0.3899999999999997,High,No
124.0,IX,124,Mylapore,3.185,5.431,4.09,4.532,4.62,4.5,5.225,4.73,4.78,4.56,3.45,3.344,4.370583333333334,2022,0.05999999999999961,High,No
125.0,IX,125,Santhome,0.409,0.651,0.91,1.258,1.33,0.95,1.72,1.214,1.21,1.03,0.38,0.344,0.9505,2022,0.08000000000000007,High,Yes
126.0,IX,126,Avvai Nagar North,3.963,0.65,4.79,5.159,5.18,4.92,1.224,5.053,4.99,4.59,4.0,4.059,4.048166666666667,2022,-0.33000000000000007,High,No
127.0,X,127,Virugambakkam North,8.212,9.604,10.83,12.59,12.69,11.21,11.21,11.192,11.94,12.03,12.03,11.542,11.256666666666668,2022,0.8199999999999985,High,No
128.0,X,128,Virugambakkam South,2.607,2.485,2.54,2.861,2.89,0.89,1.85,2.252,2.55,2.34,2.09,11.436,3.0659166666666664,2022,1.4499999999999997,High,No
129.0,X,129,Saligramam,0.862,1.152,1.44,1.905,1.97,1.85,1.54,0.919,1.11,1.05,1.05,1.911,1.3965833333333333,2022,-0.8,Low,Yes
130.0,X,130,Vadapalani West,2.657,3.663,4.34,4.978,4.82,4.6,5.38,4.861,4.98,4.29,2.81,0.905,4.023666666666666,2022,-0.3099999999999996,High,No
131.0,X,131,Kodambakkam North,1.433,1.658,1.9,2.12,2.17,1.54,2.66,1.519,1.5,1.38,1.33,0.884,1.6745,2022,-0.16000000000000014,High,Yes
132.0,X,132,Ashok Nagar,2.244,3.048,3.23,4.713,4.89,2.66,3.26,2.67,2.35,2.24,2.28,2.626,3.017583333333333,2022,-0.41999999999999993,High,No
133.0,X,133,MGR Nagar,3.423,4.38,5.28,5.809,5.92,5.38,4.52,5.243,5.87,4.97,3.96,4.27,4.918749999999999,2022,-0.41000000000000014,High,No
134.0,X,134,Navalar Nedunchezian Nagar East,2.781,3.251,3.72,4.718,6.52,3.26,3.49,3.514,3.4,3.03,2.76,2.03,3.5395,2022,-0.22999999999999998,High,No
135.0,X,135,Kamarajar Nagar South / East,2.915,4.119,5.28,6.052,5.89,3.51,4.96,3.722,3.72,3.79,3.5,3.799,4.271416666666666,2022,0.28000000000000025,High,No
136.0,X,136,Thiyagaraya Nagar,3.388,4.729,5.44,5.992,5.8,4.52,6.25,5.685,5.36,5.78,4.73,2.698,5.031000000000001,2022,1.2600000000000007,High,No
137.0,X,137,Kodambakkam (S),1.644,1.76,1.97,2.225,2.23,1.5,1.5,1.358,1.32,1.28,1.56,2.788,1.7612500000000002,2022,-0.21999999999999997,High,Yes
139.0,X,139,Saidapet (West),1.988,2.392,2.89,3.393,3.46,2.31,1.825,2.723,2.03,2.03,1.54,1.526,2.3422500000000004,2022,-0.28000000000000025,High,Yes
140.0,X,140,Kumaran Nagar North / South,1.867,2.69,3.61,4.173,4.2,3.49,3.18,4.487,4.4,3.92,2.47,2.398,3.407083333333334,2022,0.4299999999999997,High,No
141.0,X,141,VOC Nagar,9.087,9.984,10.92,11.647,11.67,11.73,4.203,12.069,12.04,11.5,10.14,10.123,10.426083333333333,2022,-0.23000000000000043,High,No
144.0,XI,144,Mettukuppam,2.433,3.68,4.66,5.341,5.54,4.64,3.444,4.457,5.58,5.11,2.62,2.223,4.143999999999999,2022,0.47000000000000064,High,No
145.0,XI,145,Nerkundram,2.571,3.813,4.54,5.204,5.33,5.45,5.238,5.473,5.45,5.03,2.6,2.172,4.405916666666667,2022,-0.41999999999999993,High,No
146.0,XI,146,Nerkundram,0.901,1.83,2.562,3.419,3.51,3.43,3.759,3.052,3.28,3.28,0.87,0.564,2.5380833333333337,2022,-0.15000000000000036,High,Yes
147.0,XI,147,Maduravoyal,0.312,1.06,2.0,2.755,2.96,2.84,3.816,2.458,2.97,2.94,0.3,0.157,2.0473333333333334,2022,0.10000000000000009,High,Yes
148.0,XI,148,Nerkundram,,2.324,2.89,3.61,3.65,3.14,3.333,2.928,3.32,2.99,1.34,0.971,2.7723636363636364,2022,-0.1499999999999999,High,No
149.0,XI,149,Valasaravakkam,1.516,2.166,2.59,3.318,3.1,2.74,3.645,2.68,2.95,2.98,1.67,1.442,2.5664166666666666,2022,0.23999999999999977,High,Yes
150.0,XI,150,Karambakkam,1.225,1.656,2.26,2.792,2.84,2.7,2.82,1.471,2.16,1.98,1.01,0.985,1.9915833333333335,2022,-0.7200000000000002,Low,Yes
151.0,XI,151,Porur,1.379,2.04,2.74,3.378,3.49,3.62,3.973,3.585,3.88,3.91,1.66,1.389,2.9203333333333332,2022,0.29000000000000004,High,No
152.0,XI,152,Valasaravakkam,2.28,2.871,3.46,3.987,3.98,4.3,4.405,4.126,4.4,4.27,2.69,2.203,3.5809999999999995,2022,-0.03000000000000025,High,No
154.0,XI,154,Ramapuram,1.39,2.436,3.25,3.898,4.07,3.96,4.382,3.671,4.23,4.23,2.04,1.575,3.2609999999999997,2022,0.27000000000000046,High,No
155.0,XI,155,Ramapuram,1.891,2.523,3.07,3.655,3.74,4.11,4.471,4.15,4.37,4.27,2.89,2.351,3.4575833333333335,2022,0.15999999999999925,High,No
157.0,XII,157,Manapakkam,1.986,3.044,4.21,5.046,5.43,4.76,5.194,4.439,4.94,4.28,1.63,1.603,3.880166666666667,2022,-0.47999999999999954,High,No
158.0,XII,158,Nandambakkam,3.398,4.419,5.75,6.516,6.71,6.41,7.374,6.107,6.72,5.98,3.5,3.256,5.511666666666667,2022,-0.4299999999999997,High,No
161.0,XII,161,Alandur Part / Adampakkam Part,2.528,2.646,2.93,2.541,2.65,2.38,4.485,2.586,2.69,2.43,2.87,2.432,2.764,2022,0.050000000000000266,High,No
162.0,XII,162,T.G.Nagar / Nanganallur Part,2.62,3.08,3.84,4.13,4.4,3.16,3.721,2.623,3.43,2.73,2.44,2.88,3.2544999999999997,2022,-0.43000000000000016,High,No
164.0,XII,164,Nanganallur Part / Pazhavanthangal Part,2.774,3.149,3.9,4.378,4.49,3.7,3.268,3.683,4.59,3.84,3.06,3.202,3.6695000000000007,2022,0.13999999999999968,High,No
165.0,XII,165,Adampakkam Part / Balaji Nagar,3.548,4.233,4.19,4.426,4.62,2.94,3.962,3.806,4.04,3.18,3.04,3.439,3.7853333333333334,2022,0.2400000000000002,High,No
166.0,XII,166,B.V.Nagar / Nanganallur Part,1.931,2.451,3.55,3.31,3.42,2.2,2.375,1.782,2.08,1.93,1.74,1.961,2.394166666666666,2022,-0.27000000000000024,High,Yes
167.0,XII,167,Nanganallur,2.694,3.092,3.279,3.262,3.27,2.54,2.371,2.364,3.12,2.53,2.27,2.348,2.7616666666666667,2022,-0.010000000000000231,High,No
170.0,XIII,170,Guindy West,2.852,3.487,3.99,4.4,4.45,4.51,4.793,4.645,4.63,4.6,3.52,3.222,4.091583333333334,2022,0.08999999999999986,High,No
171.0,XIII,171,GD Naidu Nagar South,3.656,4.234,4.77,5.322,5.54,5.33,5.62,5.916,5.9,6.0,4.66,4.247,5.099583333333334,2022,0.6699999999999999,High,No
172.0,XIII,172,GD Naidu Nagar East,1.281,1.722,1.89,2.586,3.08,2.25,2.35,3.49,2.46,2.63,2.01,1.288,2.2530833333333335,2022,0.3799999999999999,High,Yes
173.0,XIII,173,Raja Annamalaipuram,1.175,,1.79,0.0,2.07,1.79,1.938,1.854,1.78,1.63,1.07,1.213,1.4827272727272727,2022,-0.16000000000000014,High,Yes
174.0,XIII,174,Guindy East,1.419,1.519,1.67,1.83,1.55,,,1.463,,,,1.395,1.5494285714285714,2022,,Low,Yes
175.0,XIII,175,Adyar West,1.695,2.499,3.28,3.575,3.59,3.51,3.466,3.79,3.87,3.91,1.58,1.97,3.06125,2022,0.40000000000000036,High,No
176.0,XIII,176,Adyar East,1.588,2.024,2.42,2.758,2.85,3.02,3.503,3.388,3.55,3.73,2.51,2.216,2.796416666666667,2022,0.71,High,No
177.0,XIII,177,Velachery,0.998,1.266,1.65,2.117,2.21,1.2,2.001,1.896,2.29,1.61,1.17,1.19,1.6331666666666669,2022,0.41000000000000014,High,Yes
178.0,XIII,178,Velachery,0.584,0.658,0.81,0.734,0.74,0.68,2.022,0.69,0.68,0.65,0.6,0.524,0.781,2022,-0.030000000000000027,High,Yes
179.0,XIII,179,Velachery,2.218,2.439,2.82,2.981,2.98,2.12,0.856,2.407,2.44,2.26,2.06,1.902,2.29025,2022,0.13999999999999968,High,Yes
180.0,XIII,180,Thiruvanmiyur West,,1.568,1.75,1.093,1.33,1.15,1.25,1.15,1.15,1.15,1.15,1.23,1.2700909090909092,2022,0.0,High,Yes
181.0,XIII,181,Thiruvanmiyur,1.212,1.534,1.89,1.99,2.01,2.03,2.564,2.33,2.42,2.62,1.74,1.62,1.9966666666666664,2022,0.5900000000000003,High,Yes
182.0,XIII,182,Thiruvanmiyur,1.834,2.25,2.63,2.946,3.0,3.03,2.207,3.419,3.6,3.7,2.59,2.363,2.797416666666667,2022,0.6700000000000004,High,No
,XIV,168,Ullagaram,3.551,4.408,5.25,6.292,6.51,6.14,6.48,5.88,6.17,6.17,3.06,3.063,5.247833333333333,2022,0.03000000000000025,High,No
,XIV,169,Puzhuthivakkam,0.434,1.124,1.92,2.513,2.61,0.53,0.68,0.53,1.55,1.55,0.09,0.341,1.156,2022,1.02,High,Yes
183.0,XIV,183,Kottivakkam,2.804,2.88,3.38,3.349,3.34,2.79,3.966,4.037,4.02,3.5,3.42,2.868,3.362833333333334,2022,0.71,High,No
184.0,XIV,184,Perungudi,2.387,3.152,3.88,4.509,4.56,2.9,3.987,4.336,4.31,3.57,1.69,1.47,3.3959166666666665,2022,0.6699999999999999,High,No
185.0,XIV,185,Palavakkam,3.203,3.779,4.04,4.261,4.39,4.28,3.684,4.21,4.39,4.29,3.41,3.519,3.9546666666666663,2022,0.009999999999999787,High,No
186.0,XIV,186,Perungudi,5.767,8.017,9.73,10.709,10.97,11.88,1.56,12.27,12.27,12.27,10.18,8.595,9.518166666666666,2022,0.3899999999999988,High,No
187.0,XIV,187,Madipakkam,0.287,0.778,1.32,2.155,2.13,2.13,4.253,3.21,3.27,3.07,1.47,0.535,2.0506666666666664,2022,0.94,High,Yes
188.0,XIV,188,Madipakkam,2.035,2.49,3.43,4.72,5.02,4.45,2.538,6.888,6.72,5.33,2.41,0.0,3.8359166666666673,2022,0.8799999999999999,High,No
190.0,XIV,190,Pallikarania,2.081,2.5,3.52,4.819,5.09,4.72,5.24,5.557,5.17,4.62,2.03,2.13,3.956416666666667,2022,-0.09999999999999964,High,No
191.0,XIV,191,Jalladampettai,4.151,4.614,4.98,0.0,4.68,4.38,4.69,0.0,4.82,4.68,,3.08,3.6431818181818176,2022,0.2999999999999998,High,No
192.0,XV,192,Neelankarai,3.784,4.375,4.82,5.282,5.28,5.14,5.581,5.806,6.05,5.64,5.86,4.074,5.140999999999999,2022,0.5,High,No
193.0,XV,193,Neelankarai,2.624,2.887,3.12,3.278,3.31,3.65,,3.643,3.81,4.92,3.2,3.268,3.428181818181818,2022,1.27,High,No
194.0,XV,194,Okkiyam Thuraipakkam,1.936,2.212,2.385,2.603,2.6,2.52,5.678,2.276,2.562,2.23,2.48,1.858,2.611666666666667,2022,-0.29000000000000004,High,Yes
195.0,XV,195,Okkiyam Thuraipakkam,1.737,1.888,1.93,2.033,2.03,1.63,2.476,1.56,1.62,1.46,1.58,1.18,1.7603333333333335,2022,-0.16999999999999993,High,Yes
196.0,XV,196,Injampakkam,5.456,5.828,6.13,6.511,6.56,6.65,6.718,6.72,6.77,6.77,6.77,5.699,6.381833333333333,2022,0.11999999999999922,High,No
197.0,XV,197,Karapakkam,1.616,2.293,3.18,3.684,3.91,4.07,4.588,4.279,4.78,4.03,1.6,1.525,3.2962500000000006,2022,-0.040000000000000036,High,No
198.0,XV,198,Shozhinganallur,3.608,4.836,5.75,6.809,6.31,6.22,6.505,6.188,6.46,5.85,5.26,4.673,5.705749999999999,2022,-0.3700000000000001,High,No
199.0,XV,199,Uthandi,1.492,1.968,0.0,2.478,2.5,0.0,2.685,2.676,2.84,2.61,,1.591,1.8945454545454548,2022,2.61,High,Yes
200.0,XV,200,Semmenchery,2.133,2.818,3.27,4.042,3.82,4.06,4.703,4.556,4.16,4.19,2.58,2.416,3.5623333333333327,2022,0.13000000000000078,High,No
1.0,I,1,Kathivakkam,1.48,1.52,1.462,1.5,1.53,1.554,1.688,1.599,1.61,1.53,1.29,1.38,1.5119166666666664,2023,-0.02400000000000002,High,Yes
2.0,I,2,Kathivakkam,3.26,3.293,3.31,3.36,3.36,3.382,3.416,3.459,3.47,3.48,3.35,3.268,3.3673333333333333,2023,0.09799999999999986,High,No
3.0,I,3,Ernavoor,2.01,2.236,2.244,2.24,2.14,2.166,2.231,2.51,2.264,2.24,1.82,1.91,2.1675833333333334,2023,0.07400000000000029,High,Yes
4.0,I,4,Sadaiyankuppam,3.67,3.745,3.661,3.66,3.65,3.638,3.808,4.01,3.646,3.67,3.27,3.125,3.629416666666667,2023,0.03200000000000003,High,No
5.0,I,5,Kamadhenu Nagar,3.45,3.492,3.439,3.31,3.41,3.151,3.499,3.28,3.393,3.2,3.07,3.157,3.3209166666666667,2023,0.04900000000000038,High,No
6.0,I,6,Murugappa Nagar,1.58,1.674,1.727,1.77,1.74,1.766,1.762,1.767,1.722,1.715,1.03,0.4,1.5544166666666666,2023,-0.050999999999999934,High,Yes
7.0,I,7,Raja Shanmugam Nagar,1.48,1.56,1.65,1.85,2.1,2.25,1.721,1.62,1.7,1.62,0.97,1.27,1.6492499999999997,2023,-0.6299999999999999,Low,Yes
8.0,I,8,Gandhinagar,4.22,4.303,4.36,4.41,4.43,3.992,3.884,3.56,3.656,3.806,2.42,2.16,3.7667499999999996,2023,-0.18599999999999994,High,No
9.0,I,9,Amsa Thottam,6.37,6.7,6.7,6.95,7.1,6.952,7.121,6.969,6.869,7.007,6.18,6.05,6.747333333333334,2023,0.054999999999999716,High,No
10.0,I,10,Chinna Mettupalaiyam,4.49,4.836,5.041,5.49,5.77,5.628,5.834,5.611,5.448,5.689,4.32,3.681,5.1531666666666665,2023,0.06099999999999994,High,No
11.0,I,11,Ondikuppam,3.6,3.6,5.015,4.62,4.79,4.686,4.85,4.681,4.604,4.718,3.67,3.257,4.340916666666667,2023,0.03200000000000003,High,No
12.0,I,12,Sathankadu,2.92,3.1,3.204,3.44,3.55,0.0,3.802,3.917,3.975,4.028,3.05,1.941,3.07725,2023,4.028,High,No
13.0,I,13,Thilagar Nagar,1.21,1.36,1.424,1.5,1.52,1.587,1.622,1.649,1.671,1.686,0.64,0.684,1.3794166666666667,2023,0.09899999999999998,High,Yes
14.0,I,14,Kaladipettai,5.98,6.54,6.8,7.1,7.5,5.641,5.721,5.858,5.7,5.692,4.65,4.637,5.984916666666667,2023,0.051000000000000156,High,No
15.0,I,15,Edayanchavadi,1.22,1.561,1.78,1.65,1.65,1.765,1.915,1.545,1.45,1.737,0.4,0.579,1.4376666666666662,2023,-0.027999999999999803,High,Yes
16.0,I,16,Sadayankuppam,1.1,1.55,1.437,1.08,1.48,1.338,1.544,1.225,1.313,1.02,0.16,0.259,1.1255000000000002,2023,-0.31800000000000006,High,Yes
17.0,I,17,Theeumpakkam,0.87,1.3,1.303,1.25,1.99,1.91,2.627,1.742,0.918,1.577,0.59,1.17,1.43725,2023,-0.33299999999999996,High,Yes
19.0,I,19,Chinna Mathur,4.48,5.154,5.554,5.98,6.58,7.096,7.45,7.25,6.428,6.75,5.15,2.802,5.889500000000001,2023,-0.3460000000000001,High,No
20.0,I,20,Mathur,5.96,6.532,6.566,6.68,6.73,7.56,7.58,7.304,7.41,7.845,4.74,4.137,6.587,2023,0.28500000000000014,High,No
21.0,I,21,Chinna Sekadu (Part),2.67,1.185,1.87,2.63,2.78,2.514,1.787,2.442,6.834,2.655,1.48,1.899,2.5621666666666667,2023,0.14100000000000001,High,Yes
22.0,III,22,Kavankarai,3.69,5.096,2.902,3.33,3.48,3.125,3.593,3.581,3.249,3.327,1.59,3.414,3.3647500000000004,2023,0.20199999999999996,High,No
25.0,III,25,Kathirvedu,7.47,11.704,13.248,15.67,16.24,16.54,18.882,16.58,16.12,16.93,11.63,2.95,13.663666666666666,2023,0.39000000000000057,High,No
27.0,III,27,Milk Colony,3.03,4.041,5.125,5.59,6.5,7.301,7.649,7.555,6.486,7.213,3.94,1.66,5.5075,2023,-0.08800000000000008,High,No
28.0,III,28,Chinna Sekadu,1.7,2.063,2.32,3.28,3.29,3.58,4.515,4.15,4.0,3.38,1.95,1.44,2.9723333333333333,2023,-0.20000000000000018,High,No
29.0,III,29,Chinnandi Madam,3.25,1.867,1.608,1.68,1.78,1.934,1.845,1.771,1.65,1.55,0.17,0.656,1.6467500000000002,2023,-0.3839999999999999,High,Yes
30.0,III,30,Alex Nagar,3.0,3.206,3.575,4.64,5.63,5.78,6.499,6.2,6.35,10.29,10.3,10.32,6.315833333333333,2023,4.509999999999999,High,No
31.0,III,31,Moolakadai,11.4,3.78,4.556,5.83,6.51,6.643,7.257,6.774,6.18,6.591,3.08,2.019,5.885000000000001,2023,-0.0519999999999996,High,No
32.0,III,32,Kalpalaiyam,3.84,3.493,3.5,5.89,6.47,17.472,19.224,20.324,19.143,19.366,10.77,7.93,11.451833333333333,2023,1.8939999999999984,High,No
33.0,III,33,Thatankulam,3.17,4.137,4.405,5.94,6.68,5.923,7.116,6.067,5.464,5.444,1.41,2.537,4.85775,2023,-0.4790000000000001,High,No
34.0,IV,34,Kodungaiyur (West),3.17,3.813,4.183,4.65,5.08,4.821,5.38,4.939,4.796,4.809,1.34,0.88,3.988416666666667,2023,-0.011999999999999567,High,No
35.0,IV,35,Thiruvalluvar Nagar,4.93,5.456,5.894,6.55,6.52,6.23,7.493,7.12,7.25,7.12,5.46,2.0,6.001916666666666,2023,0.8899999999999997,High,No
36.0,IV,36,Perambur (East),4.93,,4.923,6.52,6.52,5.224,5.709,5.217,4.863,4.84,5.46,2.71,5.174181818181818,2023,-0.38400000000000034,High,No
37.0,IV,37,Kodungaiyur (East),2.9,3.275,2.911,3.03,3.23,2.695,3.18,2.594,2.399,2.422,1.27,2.21,2.6763333333333335,2023,-0.2729999999999997,High,No
38.0,IV,38,Dr.Radhakrishnan Nagar (North),2.66,2.761,2.763,2.79,2.98,2.783,2.963,2.793,2.737,2.828,2.16,2.18,2.6998333333333338,2023,0.04499999999999993,High,No
39.0,IV,39,Cheriyan Nagar North / South,3.77,4.26,4.56,3.77,3.77,3.89,4.785,4.65,4.68,4.85,4.07,3.49,4.212083333333333,2023,0.9599999999999995,High,No
40.0,IV,40,Jeeva Nagar (North),2.51,2.552,2.591,2.65,2.65,2.78,2.834,2.65,2.72,3.0,3.04,1.55,2.6272499999999996,2023,0.2200000000000002,High,Yes
41.0,IV,41,Vyasarpadi North / Kumarasamy Nagar North,2.01,2.202,1.937,2.15,2.54,2.112,2.62,2.115,1.614,2.02,1.25,1.58,2.0124999999999997,2023,-0.09200000000000008,High,Yes
42.0,IV,42,Korukkupet,2.23,2.336,2.439,2.56,2.62,2.87,2.92,2.64,2.53,3.15,2.62,1.54,2.537916666666667,2023,0.2799999999999998,High,Yes
43.0,IV,43,Tondiarpet,2.02,2.172,2.351,2.73,2.89,3.128,3.308,3.25,3.45,3.59,2.95,1.3,2.761583333333333,2023,0.46199999999999974,High,No
45.0,IV,45,Elango Nagar,5.09,5.204,5.317,5.51,5.55,5.87,5.755,5.62,0.0,5.74,4.19,1.28,4.593833333333333,2023,-0.1299999999999999,High,No
47.0,IV,47,Dr.Radhakrishnan Nagar (South),1.81,2.012,2.099,2.23,2.51,2.072,2.503,2.222,1.749,2.028,1.09,1.46,1.982083333333333,2023,-0.04400000000000004,High,Yes
48.0,IV,48,Mottai Thottam,2.37,2.547,2.757,3.09,3.36,3.279,3.686,3.186,2.872,3.213,1.9,1.95,2.8508333333333336,2023,-0.06599999999999984,High,No
49.0,V,49,Grace Garden,2.92,3.229,3.334,4.01,4.32,4.197,4.633,4.571,4.359,4.667,3.4,1.95,3.799166666666667,2023,0.46999999999999975,High,No
50.0,V,50,Royapuram,2.24,2.372,2.416,2.51,2.54,2.595,2.639,2.673,2.694,2.71,2.73,1.64,2.4799166666666665,2023,0.11499999999999977,High,Yes
51.0,V,51,Narayana Garden / Old Washermenpet,2.97,3.363,3.699,3.83,4.09,4.152,4.436,4.12,4.261,4.425,3.41,2.15,3.7421666666666664,2023,0.2729999999999997,High,No
52.0,V,52,Meenakshiammanpet,3.34,3.89,3.97,4.17,4.17,4.27,4.51,4.74,4.565,4.789,4.14,2.7,4.104500000000001,2023,0.5190000000000001,High,No
54.0,V,54,Kondithope / Peddunaickenpet,3.9,4.07,4.303,4.28,4.66,4.158,4.809,4.454,0.0,4.257,3.06,3.2,3.7625833333333336,2023,0.09899999999999931,High,No
55.0,V,55,Seven Wells (North / South),5.08,5.372,5.668,6.26,6.47,6.334,6.53,6.23,6.894,7.104,5.95,4.53,6.035166666666666,2023,0.7700000000000005,High,No
56.0,V,56,Muthialpet,,10.292,10.275,,,10.58,11.23,10.25,10.308,10.341,10.12,10.02,10.379555555555555,2023,-0.23900000000000077,High,No
57.0,V,57,Sowcarpet,4.78,5.15,5.89,5.94,6.12,6.23,6.58,6.677,6.632,6.876,5.72,4.36,5.912916666666667,2023,0.6459999999999999,High,No
58.0,V,58,Poonga Nagar,8.2,8.729,9.061,9.58,10.08,9.843,9.968,9.943,9.822,9.695,8.77,7.89,9.298416666666666,2023,-0.1479999999999997,High,No
59.0,V,59,Edapalayam / Nehru Nagar,6.36,6.897,7.2,7.36,7.68,7.214,7.702,7.52,7.66,7.19,4.94,5.52,6.936916666666666,2023,-0.02400000000000002,High,No
60.0,V,60,Vallal Seethakathi Nagar,4.02,4.032,4.034,4.06,4.05,4.15,4.36,4.102,4.123,4.139,4.15,4.07,4.1075,2023,-0.01100000000000012,High,No
61.0,V,61,Egmore / Pudupet,6.87,7.58,8.21,8.19,8.19,8.25,9.587,9.58,0.0,9.04,7.11,6.46,7.422249999999998,2023,0.7899999999999991,High,No
62.0,V,62,Chintadripet,2.42,2.73,2.711,2.77,2.95,3.12,2.806,2.65,2.302,2.438,1.05,1.98,2.493916666666667,2023,-0.6819999999999999,Low,Yes
63.0,V,63,Komaleeswaranpet,3.55,3.991,4.341,4.93,5.32,4.942,5.354,4.658,4.547,4.675,1.86,2.08,4.187333333333332,2023,-0.26700000000000035,High,No
64.0,VI,64,Kolathur,1.5,1.947,2.1,2.18,2.24,1.337,1.4,1.45,0.0,1.21,0.51,1.37,1.437,2023,-0.127,High,Yes
65.0,VI,65,Venus Nagar,1.24,1.306,1.56,1.49,2.1,1.067,1.41,0.637,0.534,0.554,0.22,0.71,1.069,2023,-0.5129999999999999,High,Yes
66.0,VI,66,Agaram (North),1.93,2.435,2.063,2.5,3.05,2.238,3.068,2.391,2.022,2.06,0.59,1.52,2.155583333333333,2023,-0.17799999999999994,High,Yes
67.0,VI,67,Agaram (South),6.65,7.506,8.015,8.44,9.03,9.15,9.958,9.709,9.376,9.231,6.96,3.04,8.08875,2023,0.08099999999999952,High,No
69.0,VI,69,Siruvallur,,0.0,0.0,0.0,0.0,0.0,0.0,,0.0,0.0,0.0,,0.0,2023,0.0,High,Yes
70.0,VI,70,Perambur (South),13.59,13.517,13.453,13.61,13.62,13.389,13.669,13.646,13.175,12.97,11.13,7.54,12.77575,2023,-0.4189999999999987,High,No
72.0,VI,72,Dr Sathiyavanimuthu Nagar,2.12,2.89,3.25,3.41,3.83,3.361,3.62,3.329,2.786,2.814,1.3,1.44,2.845833333333333,2023,-0.5470000000000002,High,No
74.0,VI,74,Maraimalai Adikal Nagar,8.8,8.589,8.342,8.23,8.26,8.085,8.08,7.926,7.983,7.828,6.69,3.51,7.693583333333335,2023,-0.25700000000000056,High,No
75.0,VI,75,Kosappet,3.74,4.476,5.245,6.4,7.05,6.341,7.321,7.328,6.792,6.87,3.32,1.41,5.524416666666666,2023,0.5289999999999999,High,No
76.0,VI,76,Pattalam SC (G),14.55,14.98,14.86,14.55,14.55,14.68,15.69,14.65,14.66,14.55,14.55,,14.751818181818182,2023,-0.129999999999999,High,No
77.0,VI,77,Dr. Besant Nagar/ Thattankulam,6.63,7.25,7.98,9.2,9.47,8.827,9.266,9.255,8.689,8.463,4.81,3.85,7.8075,2023,-0.36400000000000077,High,No
78.0,VI,78,Choolai,,8.609,8.89,7.99,10.25,9.87,10.198,10.167,9.562,9.731,5.55,6.09,8.809727272727272,2023,-0.13899999999999935,High,No
79.0,VII,79,Banu Nagar,3.13,3.58,3.89,11.36,12.9,13.448,16.407,13.537,12.381,13.922,8.95,5.24,9.895416666666668,2023,0.4740000000000002,High,No
80.0,VII,80,Athimulam Nagar,4.4,7.274,8.084,10.14,11.41,12.001,13.912,12.378,11.148,12.293,7.69,1.71,9.37,2023,0.2919999999999998,High,No
81.0,VII,81,Vijayalakshmipuram,4.2,4.89,4.98,3.69,4.83,16.018,17.769,16.814,15.351,15.846,1.58,6.3,9.355666666666666,2023,-0.1720000000000006,High,No
83.0,VII,83,Puthagaram,0.29,0.332,0.365,0.47,0.61,0.243,0.195,0.2,0.17,0.19,0.53,1.6,0.43291666666666667,2023,-0.05299999999999999,High,Yes
84.0,VII,84,Korattur,2.5,2.854,2.824,2.88,3.08,2.649,2.843,2.242,1.859,1.935,1.41,1.46,2.378,2023,-0.714,Low,Yes
86.0,VII,86,Ayyappakkam,3.57,4.663,5.403,6.08,6.59,6.58,7.217,6.67,6.227,6.27,4.34,2.43,5.503333333333334,2023,-0.3100000000000005,High,No
88.0,VII,88,Villivakkam / Anna Nagar West,6.3,6.771,6.196,6.48,6.9,6.58,6.994,6.75,5.722,6.104,3.54,4.89,6.1022500000000015,2023,-0.476,High,No
89.0,VII,89,Anna Nagar West Extension,2.86,3.107,3.03,3.29,2.97,2.733,3.138,2.578,2.436,2.691,1.96,2.33,2.7602500000000005,2023,-0.04200000000000026,High,No
90.0,VII,90,Padikuppam,3.19,3.771,3.817,3.49,3.94,3.368,3.962,3.58,3.001,3.955,1.57,2.52,3.347,2023,0.5870000000000002,High,No
92.0,VII,92,Padi Pudhu nagar,4.16,4.184,4.067,3.82,4.3,3.494,3.971,3.073,3.363,3.089,2.16,3.3,3.5817499999999995,2023,-0.40500000000000025,High,No
93.0,VII,93,Maduravoyal (Part) / Nerkundram (Part),2.8,3.68,2.732,2.62,2.68,2.487,2.866,2.338,2.385,2.295,1.85,2.56,2.6077500000000002,2023,-0.19200000000000017,High,Yes
94.0,VIII,94,Villivakkam North,1.82,2.021,1.881,2.9,3.37,3.24,3.56,4.608,2.836,2.586,1.5,1.25,2.631,2023,-0.6540000000000004,Low,Yes
95.0,VIII,95,Vasantham Colony,5.6,5.698,5.582,5.88,5.96,5.85,6.885,5.665,5.78,5.981,1.9,2.33,5.25925,2023,0.13100000000000023,High,No
97.0,VIII,97,Ayanavaram,1.41,1.946,1.945,2.65,2.99,3.01,2.622,1.784,0.976,0.971,0.4,0.42,1.7603333333333333,2023,-2.0389999999999997,Low,Yes
98.0,VIII,98,Pannerselvam Nagar,0.02,1.002,1.25,4.49,4.61,4.465,4.569,4.26,3.963,3.976,2.38,2.88,3.1554166666666674,2023,-0.4889999999999999,High,No
100.0,VIII,100,Anna Nagar (West),6.7,7.643,7.794,8.51,9.03,8.626,9.661,8.366,8.001,8.194,4.87,5.23,7.718750000000001,2023,-0.4319999999999986,High,No
101.0,VIII,101,Anna Nagar (Central),2.26,2.999,2.58,2.83,2.93,3.21,3.199,2.498,2.497,2.843,1.56,2.77,2.6813333333333333,2023,-0.367,High,No
102.0,VIII,102,Anna Nagar (East),0.79,2.579,2.46,2.75,2.86,2.5,2.833,2.376,2.45,2.101,1.07,1.82,2.21575,2023,-0.399,High,Yes
103.0,VIII,103,Shenoy Nagar,0.79,1.144,1.229,1.6,1.73,1.803,1.765,1.722,1.408,1.299,0.09,5.03,1.6341666666666665,2023,-0.504,High,Yes
104.0,VIII,104,Purasawalkam,2.87,3.727,4.177,4.56,4.96,4.897,5.402,4.8,5.302,5.293,4.1,1.5,4.2989999999999995,2023,0.3959999999999999,High,No
106.0,VIII,106,Aminjikarai East,3.08,3.376,2.966,3.1,4.16,3.45,4.193,2.756,2.772,3.012,1.25,1.98,3.0079166666666666,2023,-0.43800000000000017,High,No
107.0,VIII,107,Chetpet / Kilpauk South,4.69,5.042,5.241,5.68,5.88,5.834,6.083,5.904,5.626,5.66,4.19,2.94,5.230833333333333,2023,-0.1739999999999995,High,No
108.0,VIII,108,Aminjikarai Central,4.69,2.201,1.615,5.68,5.88,2.101,2.618,1.38,1.323,1.368,1.08,1.23,2.597166666666667,2023,-0.7329999999999999,Low,Yes
109.0,IX,109,Periyar Nagar North,4.07,4.532,4.887,5.47,5.84,5.79,6.181,5.426,5.269,5.495,4.2,2.56,4.976666666666667,2023,-0.29499999999999993,High,No
111.0,IX,111,Thousand Lights,11.15,11.933,12.256,13.21,13.45,13.541,13.917,13.758,13.968,13.698,12.67,10.42,12.830916666666665,2023,0.15700000000000003,High,No
114.0,IX,114,Chepauk,4.05,4.669,4.982,5.51,5.86,5.441,5.886,5.219,4.894,5.111,2.57,3.01,4.766833333333333,2023,-0.33000000000000007,High,No
116.0,IX,116,Thiruvallikeni,3.83,4.008,4.426,4.9,4.93,4.693,5.173,4.669,4.68,4.469,2.75,4.74,4.439,2023,-0.2239999999999993,High,No
118.0,IX,118,Teynampet,6.88,7.65,8.038,8.46,9.2,8.724,9.608,8.738,8.279,8.641,5.66,1.15,7.5856666666666674,2023,-0.08300000000000018,High,No
120.0,IX,120,Krishnampet,,3.841,3.839,4.2,4.34,4.086,4.264,4.12,4.17,6.771,0.87,2.05,3.8682727272727266,2023,2.6849999999999996,High,No
121.0,IX,121,Vivekanandhapuram,2.18,2.459,2.657,2.75,2.85,2.082,2.568,2.31,2.22,3.629,0.59,1.55,2.320416666666667,2023,1.5470000000000002,High,Yes
125.0,IX,125,Santhome,0.65,0.927,0.977,1.37,1.87,1.92,2.05,1.248,1.251,1.313,0.47,0.99,1.2530000000000001,2023,-0.607,Low,Yes
126.0,IX,126,Avvai Nagar North,4.58,5.15,4.948,5.05,5.19,4.812,4.639,4.296,4.141,4.486,3.54,4.0,4.569333333333334,2023,-0.3260000000000005,High,No
128.0,X,128,Virugambakkam South,2.53,2.863,2.376,2.74,3.02,2.668,3.092,2.319,2.206,2.383,1.32,1.34,2.40475,2023,-0.28500000000000014,High,Yes
129.0,X,129,Saligramam,,1.867,1.234,1.62,2.05,1.384,1.842,0.979,1.25,1.179,0.37,1.17,1.3586363636363634,2023,-0.20499999999999985,High,Yes
131.0,X,131,Kodambakkam North,1.69,1.869,1.508,1.93,2.15,1.73,1.754,1.051,1.01,1.133,0.26,1.16,1.4370833333333335,2023,-0.597,Low,Yes
137.0,X,137,Kodambakkam (S),1.81,2.581,1.715,2.01,2.2,1.803,1.924,1.227,1.113,1.46,0.57,1.45,1.6552499999999999,2023,-0.34299999999999997,High,Yes
139.0,X,139,Saidapet (West),2.35,2.828,2.399,3.52,4.28,3.258,3.87,1.487,1.188,1.465,0.16,1.43,2.3529166666666668,2023,-1.793,Low,Yes
141.0,X,141,VOC Nagar,10.75,11.358,11.496,11.94,12.19,12.099,12.248,11.712,11.413,11.747,9.52,9.41,11.323583333333334,2023,-0.3520000000000003,High,No
143.0,XI,143,Nolambur,2.48,2.586,2.5,2.92,3.01,3.21,3.52,3.21,1.498,1.017,0.9,1.09,2.3284166666666666,2023,-2.193,Low,Yes
146.0,XI,146,Nerkundram,1.81,2.366,2.49,3.25,3.48,3.4,3.86,3.68,2.867,3.222,0.7,0.8,2.660416666666667,2023,-0.17799999999999994,High,Yes
147.0,XI,147,Maduravoyal,1.17,1.854,2.076,2.7,2.7,2.476,3.059,1.742,1.428,1.883,0.77,0.97,1.9023333333333332,2023,-0.593,Low,Yes
148.0,XI,148,Nerkundram,2.09,2.688,2.189,3.0,3.5,3.13,3.54,2.156,1.853,1.908,0.38,0.8,2.2695000000000003,2023,-1.222,Low,Yes
149.0,XI,149,Valasaravakkam,2.59,2.996,2.455,3.13,3.32,3.125,3.443,3.25,2.355,2.479,0.64,1.67,2.621083333333333,2023,-0.6459999999999999,Low,Yes
150.0,XI,150,Karambakkam,1.54,2.057,2.015,2.53,2.64,2.253,2.67,1.469,1.367,1.246,0.23,0.56,1.7147499999999998,2023,-1.0070000000000001,Low,Yes
151.0,XI,151,Porur,2.61,3.052,3.119,3.79,3.93,3.744,3.81,3.084,2.96,3.314,2.4,1.87,3.14025,2023,-0.43000000000000016,High,No
154.0,XI,154,Ramapuram,2.79,3.393,3.069,3.74,3.87,3.27,4.15,3.25,2.792,3.285,1.82,2.01,3.119916666666667,2023,0.015000000000000124,High,No
155.0,XI,155,Ramapuram,3.16,3.537,3.564,4.27,4.04,4.309,4.591,3.87,3.628,3.852,2.88,2.24,3.66175,2023,-0.4570000000000003,High,No
159.0,XII,159,Meenampakkam,3.25,3.418,3.196,4.02,4.54,3.761,5.076,4.68,2.95,4.043,1.46,2.47,3.5720000000000005,2023,0.28200000000000003,High,No
161.0,XII,161,Alandur Part / Adampakkam Part,2.78,2.533,2.84,2.49,4.52,2.45,2.381,2.499,2.421,2.06,1.76,2.75,2.623666666666667,2023,-0.3900000000000001,High,Yes
162.0,XII,162,T.G.Nagar / Nanganallur Part,2.94,3.298,2.776,3.38,4.08,2.618,2.903,2.166,2.307,2.683,1.68,2.59,2.7850833333333327,2023,0.06499999999999995,High,No
163.0,XII,163,Adampakkam Part,2.31,2.611,2.208,3.19,4.18,2.251,2.775,1.712,1.6,2.681,1.3,2.08,2.408166666666667,2023,0.43000000000000016,High,Yes
164.0,XII,164,Nanganallur Part / Pazhavanthangal Part,3.98,4.086,3.885,4.49,4.83,3.433,3.757,1.845,2.686,3.584,1.21,3.41,3.433000000000001,2023,0.15100000000000025,High,No
165.0,XII,165,Adampakkam Part / Balaji Nagar,3.66,4.111,4.52,3.55,4.29,3.33,3.765,2.805,3.006,3.615,1.87,3.34,3.4884999999999997,2023,0.28500000000000014,High,No
166.0,XII,166,B.V.Nagar / Nanganallur Part,2.15,2.258,2.265,2.13,2.54,1.98,1.992,1.722,1.798,2.101,1.45,2.05,2.0363333333333333,2023,0.121,High,Yes
167.0,XII,167,Nanganallur,3.16,3.402,3.56,2.78,3.37,2.193,2.328,1.874,2.087,2.306,1.36,2.05,2.539166666666667,2023,0.11299999999999999,High,Yes
170.0,XIII,170,Guindy West,4.06,4.425,4.541,5.03,5.28,3.113,5.303,4.779,4.294,4.329,3.57,3.38,4.3420000000000005,2023,1.2159999999999997,High,No
171.0,XIII,171,GD Naidu Nagar South,4.84,1.972,5.396,5.9,6.19,1.679,6.168,5.98,5.019,5.213,4.17,3.31,4.653083333333334,2023,3.534,High,No
172.0,XIII,172,GD Naidu Nagar East,1.96,1.513,3.648,3.03,3.41,1.493,3.78,3.25,1.974,2.264,0.54,1.69,2.3793333333333333,2023,0.7709999999999997,High,Yes
173.0,XIII,173,Raja Annamalaipuram,1.69,3.364,2.076,2.18,2.33,3.69,1.785,1.504,1.299,1.611,0.28,1.36,1.93075,2023,-2.0789999999999997,Low,Yes
174.0,XIII,174,Guindy East,,2.84,1.696,2.54,2.65,3.456,1.665,1.221,1.308,1.528,1.3,1.36,1.9603636363636363,2023,-1.928,Low,Yes
175.0,XIII,175,Adyar West,2.53,2.438,3.702,4.48,4.71,1.338,3.424,1.985,1.259,2.248,1.05,1.68,2.5703333333333336,2023,0.9100000000000001,High,Yes
176.0,XIII,176,Adyar East,2.56,0.853,3.089,3.59,3.84,0.571,3.489,3.067,1.59,3.17,2.17,1.3,2.44075,2023,2.599,High,Yes
177.0,XIII,177,Velachery,1.92,2.824,1.627,2.44,2.38,2.47,3.56,0.787,2.948,1.764,0.04,1.6,2.03,2023,-0.7060000000000002,Low,Yes
178.0,XIII,178,Velachery,0.74,0.862,0.502,0.61,0.86,0.92,0.873,0.506,1.091,0.712,0.15,0.73,0.713,2023,-0.20800000000000007,High,Yes
179.0,XIII,179,Velachery,2.47,2.371,2.219,2.51,2.72,2.74,2.56,1.713,0.637,2.39,0.75,2.56,2.1366666666666667,2023,-0.3500000000000001,High,Yes
180.0,XIII,180,Thiruvanmiyur West,1.15,3.187,3.25,1.15,1.15,3.474,3.89,3.58,3.65,1.15,1.15,,2.4346363636363635,2023,-2.3240000000000003,Low,Yes
181.0,XIII,181,Thiruvanmiyur,,4.929,2.418,2.72,2.8,4.988,2.376,2.073,2.063,2.204,1.43,1.12,2.6473636363636364,2023,-2.7840000000000003,Low,Yes
182.0,XIII,182,Thiruvanmiyur,2.86,3.181,3.341,3.77,3.89,0.205,4.01,3.86,2.848,3.07,2.15,1.46,2.8870833333333334,2023,2.8649999999999998,High,No
,XIV,169,Puzhuthivakkam,0.74,1.52,1.86,2.05,2.54,2.83,2.98,2.38,2.42,0.358,0.38,0.3,1.6965000000000001,2023,-2.472,Low,Yes
183.0,XIV,183,Kottivakkam,3.42,4.105,3.372,3.78,3.98,2.775,3.425,3.349,3.467,4.079,2.82,3.39,3.496833333333333,2023,1.3039999999999998,High,No
184.0,XIV,184,Perungudi,2.71,3.84,3.18,3.5,4.22,2.177,2.933,2.14,1.516,2.263,0.51,1.73,2.5599166666666666,2023,0.08599999999999985,High,Yes
185.0,XIV,185,Palavakkam,3.9,3.527,3.954,4.27,4.44,3.771,3.884,3.599,3.364,3.595,2.84,2.8,3.661999999999999,2023,-0.1759999999999997,High,No
187.0,XIV,187,Madipakkam,0.84,1.322,1.429,1.86,2.38,1.836,2.129,0.901,0.797,1.074,0.22,0.49,1.2731666666666668,2023,-0.762,Low,Yes
188.0,XIV,188,Madipakkam,1.63,4.107,4.405,3.32,4.24,2.548,2.664,1.586,1.642,1.89,0.98,1.73,2.5618333333333334,2023,-0.6580000000000001,Low,Yes
189.0,XIV,189,Pallikaranai,3.58,4.504,4.987,3.87,4.93,1.119,0.786,0.178,0.096,0.69,0.33,0.5,2.1308333333333334,2023,-0.42900000000000005,High,Yes
190.0,XIV,190,Pallikarania,2.2,2.94,2.857,3.34,3.92,3.233,3.25,2.204,1.828,2.348,1.16,2.22,2.625,2023,-0.8850000000000002,Low,Yes
192.0,XV,192,Neelankarai,4.5,5.26,5.194,5.24,5.68,5.469,5.571,5.184,5.35,5.022,3.98,,5.131818181818182,2023,-0.44700000000000006,High,No
193.0,XV,193,Neelankarai,2.47,2.464,2.453,2.44,2.63,2.085,2.178,2.114,1.802,2.123,1.49,1.68,2.1607499999999997,2023,0.038000000000000256,High,Yes
194.0,XV,194,Okkiyam Thuraipakkam,1.92,2.481,2.438,2.68,2.75,2.179,2.239,1.903,2.35,1.978,1.44,1.9,2.188166666666667,2023,-0.20099999999999985,High,Yes
195.0,XV,195,Okkiyam Thuraipakkam,1.84,1.903,1.832,2.5,1.81,1.615,1.701,1.78,1.352,1.68,1.28,1.55,1.7369166666666667,2023,0.06499999999999995,High,Yes
199.0,XV,199,Uthandi,2.01,2.384,2.581,3.18,3.58,0.0,1.492,1.14,1.22,1.52,1.2,,1.846090909090909,2023,1.52,High,Yes
200.0,XV,200,Semmenchery,3.17,3.38,3.722,4.05,5.18,4.907,5.827,5.078,2.96,5.052,2.55,1.66,3.9613333333333327,2023,0.14499999999999957,High,No
1.0,I,1,Kathivakkam,1.38,1.43,1.48,,,,,,,,,,1.4299999999999997,2024,,Low,Yes
3.0,I,3,Ernavoor,1.93,2.15,2.23,,,,,,,,,,2.1033333333333335,2024,,Low,Yes
6.0,I,6,Murugappa Nagar,0.21,0.27,0.45,,,,,,,,,,0.31,2024,,Low,Yes
7.0,I,7,Raja Shanmugam Nagar,1.42,1.6,1.77,,,,,,,,,,1.5966666666666667,2024,,Low,Yes
13.0,I,13,Thilagar Nagar,0.83,0.99,1.12,,,,,,,,,,0.98,2024,,Low,Yes
15.0,I,15,Edayanchavadi,0.86,1.21,1.65,,,,,,,,,,1.24,2024,,Low,Yes
16.0,I,16,Sadayankuppam,0.44,0.8,1.14,,,,,,,,,,0.7933333333333333,2024,,Low,Yes
17.0,I,17,Theeumpakkam,1.59,2.11,2.91,,,,,,,,,,2.2033333333333336,2024,,Low,Yes
28.0,III,28,Chinna Sekadu,1.55,2.71,2.55,,,,,,,,,,2.27,2024,,Low,Yes
29.0,III,29,Chinnandi Madam,0.96,1.32,2.21,,,,,,,,,,1.4966666666666668,2024,,Low,Yes
34.0,IV,34,Kodungaiyur (West),1.77,2.58,3.42,,,,,,,,,,2.59,2024,,Low,Yes
38.0,IV,38,Dr.Radhakrishnan Nagar (North),2.42,2.67,2.86,,,,,,,,,,2.65,2024,,Low,Yes
40.0,IV,40,Jeeva Nagar (North),1.62,1.7,1.17,,,,,,,,,,1.4966666666666668,2024,,Low,Yes
41.0,IV,41,Vyasarpadi North / Kumarasamy Nagar North,1.74,2.1,2.17,,,,,,,,,,2.0033333333333334,2024,,Low,Yes
42.0,IV,42,Korukkupet,2.01,2.45,2.87,,,,,,,,,,2.4433333333333334,2024,,Low,Yes
43.0,IV,43,Tondiarpet,1.61,1.93,2.27,,,,,,,,,,1.9366666666666668,2024,,Low,Yes
45.0,IV,45,Elango Nagar,1.66,2.03,2.43,,,,,,,,,,2.0399999999999996,2024,,Low,Yes
46.0,IV,46,Vyasarpadi (South),2.19,2.64,2.82,,,,,,,,,,2.5500000000000003,2024,,Low,Yes
47.0,IV,47,Dr.Radhakrishnan Nagar (South),1.84,2.16,2.34,,,,,,,,,,2.1133333333333333,2024,,Low,Yes
50.0,V,50,Royapuram,1.8,1.93,2.01,,,,,,,,,,1.9133333333333333,2024,,Low,Yes
64.0,VI,64,Kolathur,1.85,2.2,2.55,,,,,,,,,,2.2,2024,,Low,Yes
65.0,VI,65,Venus Nagar,0.98,1.3,1.62,,,,,,,,,,1.3,2024,,Low,Yes
66.0,VI,66,Agaram (North),2.14,2.43,3.0,,,,,,,,,,2.5233333333333334,2024,,Low,Yes
72.0,VI,72,Dr Sathiyavanimuthu Nagar,2.0,2.52,3.03,,,,,,,,,,2.516666666666666,2024,,Low,Yes
83.0,VII,83,Puthagaram,2.47,1.77,1.81,,,,,,,,,,2.016666666666667,2024,,Low,Yes
84.0,VII,84,Korattur,1.93,2.32,2.74,,,,,,,,,,2.33,2024,,Low,Yes
93.0,VII,93,Maduravoyal (Part) / Nerkundram (Part),2.58,2.58,2.79,,,,,,,,,,2.65,2024,,Low,Yes
97.0,VIII,97,Ayanavaram,0.72,1.18,1.56,,,,,,,,,,1.1533333333333333,2024,,Low,Yes
102.0,VIII,102,Anna Nagar (East),2.01,2.22,2.58,,,,,,,,,,2.27,2024,,Low,Yes
121.0,IX,121,Vivekanandhapuram,1.93,2.23,2.58,,,,,,,,,,2.2466666666666666,2024,,Low,Yes
125.0,IX,125,Santhome,1.19,1.56,2.01,,,,,,,,,,1.5866666666666667,2024,,Low,Yes
129.0,X,129,Saligramam,1.77,2.65,2.9,,,,,,,,,,2.44,2024,,Low,Yes
131.0,X,131,Kodambakkam North,1.56,1.82,1.95,,,,,,,,,,1.7766666666666666,2024,,Low,Yes
137.0,X,137,Kodambakkam (S),1.9,2.47,2.5,,,,,,,,,,2.29,2024,,Low,Yes
143.0,XI,143,Nolambur,1.72,2.189,2.55,,,,,,,,,,2.153,2024,,Low,Yes
146.0,XI,146,Nerkundram,1.73,2.53,2.96,,,,,,,,,,2.4066666666666667,2024,,Low,Yes
147.0,XI,147,Maduravoyal,1.63,2.58,3.44,,,,,,,,,,2.5500000000000003,2024,,Low,Yes
150.0,XI,150,Karambakkam,0.9,1.31,1.59,,,,,,,,,,1.2666666666666666,2024,,Low,Yes
173.0,XIII,173,Raja Annamalaipuram,1.58,1.86,2.01,,,,,,,,,,1.8166666666666667,2024,,Low,Yes
174.0,XIII,174,Guindy East,1.48,2.03,2.01,,,,,,,,,,1.8399999999999999,2024,,Low,Yes
176.0,XIII,176,Adyar East,1.69,2.24,2.72,,,,,,,,,,2.216666666666667,2024,,Low,Yes
177.0,XIII,177,Velachery,1.64,2.16,2.4,,,,,,,,,,2.0666666666666664,2024,,Low,Yes
178.0,XIII,178,Velachery,0.85,0.9,1.04,,,,,,,,,,0.93,2024,,Low,Yes
180.0,XIII,180,Thiruvanmiyur West,1.15,1.15,1.15,,,,,,,,,,1.15,2024,,Low,Yes
181.0,XIII,181,Thiruvanmiyur,1.36,1.74,1.97,,,,,,,,,,1.6900000000000002,2024,,Low,Yes
182.0,XIII,182,Thiruvanmiyur,1.83,2.29,2.66,,,,,,,,,,2.2600000000000002,2024,,Low,Yes
,XIV,169,Puzhuthivakkam,0.47,0.63,2.03,,,,,,,,,,1.0433333333333332,2024,,Low,Yes
187.0,XIV,187,Madipakkam,0.6,0.9,1.36,,,,,,,,,,0.9533333333333335,2024,,Low,Yes
189.0,XIV,189,Pallikaranai,0.8,1.1,2.68,,,,,,,,,,1.5266666666666666,2024,,Low,Yes
193.0,XV,193,Neelankarai,1.89,2.17,2.37,,,,,,,,,,2.143333333333333,2024,,Low,Yes
194.0,XV,194,Okkiyam Thuraipakkam,1.96,2.28,2.42,,,,,,,,,,2.22,2024,,Low,Yes
195.0,XV,195,Okkiyam Thuraipakkam,1.65,1.7,1.74,,,,,,,,,,1.6966666666666665,2024,,Low,Yes
197.0,XV,197,Karapakkam,1.48,2.29,2.82,,,,,,,,,,2.1966666666666668,2024,,Low,Yes
199.0,XV,199,Uthandi,0.84,1.38,1.76,,,,,,,,,,1.3266666666666664,2024,,Low,Yes
