S.No.,Area No.,Dept No.,Location,Jan,Feb,Mar,Apr,May,Jun,Jul,Aug,Sep,Oct,Nov,Dec,Yearly Average,Year
1.0,I,1,Kathivakkam,1.85,1.9,1.82,1.89,1.86,1.88,1.92,,1.87,1.74,1.339,1.601,1.788181818181818,2021
2.0,I,2,Kathivakkam,3.26,3.32,3.36,3.39,3.44,3.48,3.48,1.9,3.48,3.44,2.835,3.174,3.2132500000000004,2021
3.0,I,3,Ernavoor,2.17,2.26,2.37,2.34,2.26,2.29,2.39,3.47,2.35,2.11,1.434,1.881,2.2770833333333336,2021
4.0,I,4,Sadaiyankuppam,3.43,3.55,3.62,3.85,3.92,3.99,3.93,2.27,3.93,3.23,2.909,3.109,3.4781666666666666,2021
5.0,I,5,Kamadhenu Nagar,3.79,3.94,4.05,4.31,4.67,4.53,4.01,3.94,3.42,3.13,2.415,3.111,3.776333333333333,2021
6.0,I,6,Murugappa Nagar,1.45,1.62,1.71,1.8,1.9,1.96,1.97,3.34,1.91,1.82,0.972,1.31,1.8135000000000001,2021
7.0,I,7,Raja Shanmugam Nagar,2.05,2.25,2.33,2.53,2.56,2.48,1.77,1.9,1.66,1.54,0.641,1.32,1.91925,2021
8.0,I,8,Gandhinagar,4.3,4.39,4.44,4.51,4.57,4.62,4.98,4.76,4.61,4.53,3.754,3.958,4.451833333333333,2021
9.0,I,9,Amsa Thottam,6.55,6.82,7.02,7.24,7.36,7.47,7.25,7.25,7.22,7.04,5.765,6.125,6.925833333333334,2021
10.0,I,10,Chinna Mettupalaiyam,4.71,4.9,5.05,5.29,5.47,5.64,5.65,5.73,5.77,5.65,5.782,5.92,5.4635,2021
11.0,I,11,Ondikuppam,4.27,4.57,4.76,5.01,5.14,5.26,5.04,4.97,4.96,4.2,3.562,3.41,4.596,2021
12.0,I,12,Sathankadu,3.67,3.76,3.83,3.94,4.03,4.12,4.19,0.6,4.3,4.35,2.918,2.403,3.5092499999999998,2021
13.0,I,13,Thilagar Nagar,0.52,0.82,1.02,0.36,0.42,0.51,0.55,5.32,0.62,0.65,2.223,,1.1829999999999998,2021
14.0,I,14,Kaladipettai,5.1,5.21,5.28,5.39,5.45,5.57,5.38,5.34,5.34,5.22,,4.457,5.248818181818182,2021
15.0,I,15,Edayanchavadi,1.7,1.81,2.07,2.42,2.66,2.76,1.89,1.87,2.31,2.43,0.405,0.984,1.9424166666666665,2021
16.0,I,16,Sadayankuppam,1.28,1.87,2.12,2.57,2.86,2.94,2.41,2.5,2.68,2.46,,0.555,2.204090909090909,2021
17.0,I,17,Theeumpakkam,1.0,1.06,1.61,2.59,3.42,3.89,2.35,9.39,2.88,2.03,,0.355,2.7795454545454548,2021
18.0,I,18,Manali,3.21,5.53,4.53,4.96,7.7,7.92,7.02,7.67,5.61,6.24,0.556,1.704,5.220833333333334,2021
19.0,I,19,Chinna Mathur,7.43,7.71,7.91,8.9,9.2,9.82,9.06,10.32,9.33,9.25,4.741,4.669,8.195,2021
20.0,I,20,Mathur,6.39,6.9,7.82,8.96,9.57,10.15,9.47,9.67,9.41,9.19,3.807,5.641,8.0815,2021
21.0,I,21,Chinna Sekadu (Part),2.76,3.14,3.38,2.7,3.13,3.29,3.44,3.54,3.48,3.46,,2.635,3.1777272727272727,2021
22.0,III,22,Kavankarai,2.97,3.62,3.98,4.45,4.45,4.09,2.42,2.53,2.6,2.47,1.533,2.71,3.1519166666666667,2021
23.0,III,23,Puzhal,6.54,8.01,8.01,7.92,7.48,7.26,7.83,6.62,6.39,6.08,3.731,6.449,6.859999999999999,2021
24.0,III,24,Surappattu,3.74,6.58,9.98,13.85,17.13,19.21,11.64,11.93,9.66,8.35,1.274,2.49,9.652833333333332,2021
25.0,III,25,Kathirvedu,6.04,9.6,11.69,14.7,16.43,17.09,13.38,12.9,10.91,10.01,1.403,3.967,10.676666666666668,2021
26.0,III,26,Madhavaram,5.28,4.96,7.94,11.1,12.44,13.18,6.98,6.54,5.32,4.69,0.871,2.795,6.841333333333334,2021
27.0,III,27,Milk Colony,5.93,6.84,7.4,8.37,8.73,9.24,8.65,8.08,8.2,7.58,0.998,1.945,6.8302499999999995,2021
28.0,III,28,Chinna Sekadu,2.72,3.51,3.66,4.37,5.29,5.4,5.56,5.32,5.03,4.59,0.514,1.225,3.932416666666667,2021
29.0,III,29,Chinnandi Madam,0.36,0.76,1.13,2.14,2.82,3.23,1.57,1.4,1.31,1.12,,-0.18,1.4236363636363636,2021
30.0,III,30,Alex Nagar,10.31,6.23,6.54,7.16,7.66,8.19,8.05,8.01,8.03,7.65,1.658,1.975,6.788583333333334,2021
31.0,III,31,Moolakadai,6.42,6.96,7.4,8.04,8.52,9.05,8.98,8.7,8.83,8.43,1.925,2.43,7.140416666666666,2021
32.0,III,32,Kalpalaiyam,10.62,12.03,13.58,15.77,15.87,20.3,15.43,14.52,13.94,12.46,2.387,10.267,13.097833333333334,2021
33.0,III,33,Thatankulam,3.42,3.87,4.64,6.09,7.09,7.61,6.21,6.01,5.11,4.03,1.335,2.232,4.803916666666667,2021
34.0,IV,34,Kodungaiyur (West),4.08,4.67,3.98,5.72,5.89,6.18,5.62,5.35,5.35,5.03,0.628,2.222,4.56,2021
35.0,IV,35,Thiruvalluvar Nagar,11.43,11.27,11.98,11.38,11.32,11.48,11.4,11.52,11.16,10.92,,6.906,10.978727272727273,2021
36.0,IV,36,Perambur (East),11.43,11.27,9.98,7.14,7.26,7.44,6.73,2.8,6.09,5.67,1.932,3.724,6.788833333333334,2021
37.0,IV,37,Kodungaiyur (East),3.3,3.58,3.71,4.18,3.9,3.85,3.13,5.01,3.05,3.01,1.363,2.755,3.403166666666667,2021
38.0,IV,38,Dr.Radhakrishnan Nagar (North),2.71,2.92,7.94,3.26,3.17,3.26,3.04,5.34,2.8,2.8,1.605,2.199,3.4203333333333323,2021
39.0,IV,39,Cheriyan Nagar North / South,4.66,4.81,7.4,5.07,5.13,5.27,5.12,2.66,4.99,4.82,3.151,3.472,4.712750000000001,2021
40.0,IV,40,Jeeva Nagar (North),4.29,4.43,3.66,4.84,5.07,5.29,5.39,5.83,5.53,5.01,1.08,2.085,4.375416666666666,2021
41.0,IV,41,Vyasarpadi North / Kumarasamy Nagar North,2.98,3.16,1.13,3.93,3.8,3.92,3.17,3.99,2.63,2.68,1.562,2.235,2.93225,2021
42.0,IV,42,Korukkupet,4.15,4.36,6.54,4.73,4.9,5.07,5.15,5.04,4.7,4.52,1.491,1.652,4.358583333333335,2021
43.0,IV,43,Tondiarpet,2.91,3.12,7.4,3.55,3.78,3.95,4.0,11.36,3.93,3.88,1.477,1.587,4.245333333333334,2021
44.0,IV,44,Perambur (North),17.03,17.06,17.18,17.68,18.06,18.42,18.52,18.28,18.02,17.8,13.667,12.442,17.013250000000003,2021
45.0,IV,45,Elango Nagar,12.65,12.41,4.64,12.16,11.98,11.88,11.6,11.29,11.2,10.82,7.518,7.55,10.474833333333333,2021
46.0,IV,46,Vyasarpadi (South),3.12,3.26,3.65,4.16,4.2,4.35,3.75,3.84,3.38,3.13,0.972,2.001,3.31775,2021
47.0,IV,47,Dr.Radhakrishnan Nagar (South),2.82,2.93,3.11,3.56,3.47,3.47,2.89,7.87,2.58,2.55,1.088,1.782,3.176666666666666,2021
48.0,IV,48,Mottai Thottam,4.13,4.23,4.48,5.02,5.02,4.84,4.11,4.43,3.64,3.81,1.215,2.102,3.9189166666666666,2021
49.0,V,49,Grace Garden,7.44,7.76,7.93,8.8,9.07,9.52,8.58,7.9,7.75,7.4,3.606,3.401,7.429749999999999,2021
50.0,V,50,Royapuram,3.85,4.04,4.17,4.28,4.35,4.4,4.42,4.93,4.43,4.42,2.182,2.273,3.9787500000000002,2021
51.0,V,51,Narayana Garden / Old Washermenpet,6.53,6.65,6.85,7.02,7.06,7.02,6.74,6.88,6.34,6.24,0.0,3.123,5.871083333333334,2021
52.0,V,52,Meenakshiammanpet,7.24,7.21,7.39,7.35,7.28,7.26,7.13,3.9,6.85,6.63,4.501,3.984,6.39375,2021
53.0,V,53,Basin Bridge,12.82,12.95,13.1,13.29,13.28,13.37,13.05,7.02,12.84,12.58,10.531,11.085,12.159666666666666,2021
54.0,V,54,Kondithope / Peddunaickenpet,3.93,4.08,4.22,4.71,4.36,4.28,3.94,4.98,3.9,4.03,2.236,3.042,3.9756666666666667,2021
55.0,V,55,Seven Wells (North / South),7.67,7.6,7.63,7.88,7.87,7.71,7.31,7.01,6.84,6.77,4.177,4.295,6.8968333333333325,2021
56.0,V,56,Muthialpet,10.67,11.5,11.51,11.52,11.51,11.52,11.51,11.36,11.46,11.4,11.042,10.944,11.328833333333334,2021
57.0,V,57,Sowcarpet,7.84,7.59,7.52,7.62,7.55,7.31,6.77,6.32,6.28,6.25,3.737,3.9,6.55725,2021
58.0,V,58,Poonga Nagar,10.83,10.94,11.03,10.9,10.51,10.47,10.31,10.3,10.29,10.16,8.32,8.584,10.220333333333334,2021
59.0,V,59,Edapalayam / Nehru Nagar,7.82,8.03,8.22,8.5,8.38,8.31,7.78,7.57,7.38,7.29,3.917,5.509,7.392166666666668,2021
60.0,V,60,Vallal Seethakathi Nagar,3.69,3.73,3.76,3.79,3.82,3.84,3.86,3.89,3.9,3.92,3.91,3.899,3.8340833333333335,2021
61.0,V,61,Egmore / Pudupet,16.29,15.55,15.28,15.05,14.63,14.39,14.09,13.7,13.27,12.48,6.95,6.494,13.181166666666664,2021
62.0,V,62,Chintadripet,2.55,2.83,3.1,3.26,3.24,3.13,2.66,2.58,2.52,2.47,1.11,2.194,2.6369999999999996,2021
63.0,V,63,Komaleeswaranpet,7.07,7.06,7.22,7.34,7.32,7.32,7.01,6.98,6.67,6.12,3.98,4.58,6.555833333333333,2021
64.0,VI,64,Kolathur,1.46,1.76,1.96,1.92,2.07,2.08,1.1,0.76,1.18,0.74,0.316,1.444,1.3991666666666667,2021
65.0,VI,65,Venus Nagar,1.72,2.16,2.21,1.92,2.11,2.11,1.41,1.6,1.34,1.03,0.728,1.466,1.6503333333333334,2021
66.0,VI,66,Agaram (North),3.41,3.9,4.27,5.11,5.6,6.21,4.54,5.24,2.95,1.8,0.425,1.408,3.738583333333333,2021
67.0,VI,67,Agaram (South),13.56,13.76,14.2,15.06,15.31,15.83,15.29,15.09,14.95,11.92,6.001,6.657,13.135666666666665,2021
68.0,VI,68,Sembium,12.07,12.56,13.75,14.75,15.2,15.47,15.36,15.53,14.55,12.85,6.934,7.462,13.0405,2021
69.0,VI,69,Siruvallur,17.76,17.79,17.84,18.12,18.14,18.25,18.19,18.03,17.85,16.72,12.25,13.52,17.038333333333334,2021
70.0,VI,70,Perambur (South),23.74,23.98,23.98,24.53,24.39,24.71,24.35,23.79,23.33,21.02,20.16,19.577,23.12975,2021
71.0,VI,71,Thiru Vi Ka Nagar,18.77,18.51,18.57,18.97,19.62,20.05,20.2,20.01,19.88,18.9,15.589,14.554,18.63525,2021
72.0,VI,72,Dr Sathiyavanimuthu Nagar,3.75,4.15,4.46,5.19,5.1,5.34,4.8,4.53,4.07,3.9,1.187,2.405,4.0735,2021
73.0,VI,73,Pulianthope,10.7,11.17,11.32,11.64,11.82,11.98,11.55,4.21,11.18,11.14,5.152,7.426,9.940666666666667,2021
74.0,VI,74,Maraimalai Adikal Nagar,16.37,16.24,16.15,16.52,16.4,16.55,15.79,11.37,15.28,14.23,13.945,13.67,15.20958333333333,2021
75.0,VI,75,Kosappet,12.98,13.16,13.44,13.6,13.66,15.96,13.12,15.41,12.61,12.33,1.65,3.879,11.816583333333334,2021
76.0,VI,76,Pattalam SC (G),14.62,14.52,14.53,14.58,14.52,13.56,11.37,11.63,10.98,9.84,6.51,6.98,11.969999999999999,2021
77.0,VI,77,Dr. Besant Nagar/ Thattankulam,11.79,11.64,11.73,12.03,12.01,12.11,9.53,9.07,10.52,9.85,4.088,7.014,10.115166666666665,2021
78.0,VI,78,Choolai,8.06,9.27,9.28,10.0,10.06,10.25,10.01,9.65,9.09,9.01,3.535,6.176,8.699250000000001,2021
79.0,VII,79,Banu Nagar,4.61,6.92,8.82,11.15,13.14,15.69,13.43,13.01,12.53,13.08,,2.05,10.402727272727272,2021
80.0,VII,80,Athimulam Nagar,5.6,7.63,9.23,10.84,12.59,13.91,11.97,11.73,11.27,11.64,1.452,2.701,9.213583333333332,2021
81.0,VII,86,Vijayalakshmipuram,13.34,14.35,15.65,17.64,20.11,23.08,22.7,10.88,21.32,20.8,4.708,4.55,15.760666666666667,2021
82.0,VII,82,Kallikuppam,4.15,6.17,7.92,9.56,10.87,11.72,6.65,22.15,5.29,4.72,0.873,2.777,7.737500000000001,2021
83.0,VII,83,Puthagaram,1.09,1.26,1.36,1.56,1.63,1.89,1.73,4.3,0.9,0.64,0.12,0.277,1.3964166666666669,2021
84.0,VII,84,Korattur,2.51,2.98,3.41,3.74,4.09,4.16,3.49,1.18,2.6,2.64,1.621,2.072,2.8744166666666673,2021
85.0,VII,85,Menambedu,5.17,6.63,8.1,10.16,11.8,12.94,11.73,2.71,10.98,7.69,2.179,4.246,7.861250000000001,2021
86.0,VII,86,Ayyappakkam,3.19,3.66,4.13,4.54,4.85,5.25,5.39,10.39,5.28,5.15,1.476,2.444,4.645833333333334,2021
87.0,VII,87,Mathiyalagan Nagar,5.36,5.52,5.71,6.6,6.54,6.85,5.52,5.17,4.1,4.01,2.241,4.027,5.137333333333333,2021
88.0,VII,88,Villivakkam / Anna Nagar West,6.39,6.86,7.5,8.45,8.41,8.45,7.27,4.04,6.48,6.38,3.487,5.661,6.6148333333333325,2021
89.0,VII,89,Anna Nagar West Extension,2.69,3.04,3.51,4.1,4.58,4.72,4.15,6.25,3.24,2.99,1.735,2.484,3.6240833333333344,2021
90.0,VII,90,Padikuppam,3.85,4.34,4.78,6.37,5.78,5.61,5.26,3.39,3.53,3.41,1.743,3.223,4.273833333333333,2021
91.0,VII,91,Nolambur (Part) / Mugappair Eri Scheme,8.06,8.62,9.01,9.68,9.65,10.12,10.1,3.5,9.58,9.32,6.182,7.595,8.451416666666665,2021
92.0,VII,92,Padi Pudhu nagar,4.32,4.69,5.22,5.71,5.87,6.11,5.62,9.58,4.74,4.31,2.327,3.667,5.180333333333334,2021
93.0,VII,93,Maduravoyal (Part) / Nerkundram (Part),3.23,3.61,4.07,4.52,4.72,4.81,4.37,4.92,3.42,3.16,1.847,2.658,3.7779166666666666,2021
94.0,VIII,94,Villivakkam North,1.25,1.88,2.08,2.72,4.35,5.04,3.04,2.21,2.1,1.61,0.444,1.152,2.323,2021
95.0,VIII,95,Vasantham Colony,4.57,5.35,6.03,7.07,6.16,6.62,5.49,2.21,5.09,5.14,2.327,4.73,5.0655833333333335,2021
96.0,VIII,96,Viduthalai Gurusamy Nagar South,12.97,12.84,12.86,12.95,13.08,13.22,13.16,4.59,12.49,11.86,5.005,5.245,10.855833333333331,2021
97.0,VIII,97,Ayanavaram,7.82,7.84,7.96,8.44,8.56,8.82,8.16,6.28,7.2,6.66,0.231,1.672,6.636916666666667,2021
98.0,VIII,98,Pannerselvam Nagar,4.51,4.48,4.51,4.53,4.58,4.67,4.75,4.74,4.27,4.12,,0.515,4.152272727272727,2021
99.0,VIII,99,Villivakkam South,7.52,7.68,7.84,9.05,8.08,8.85,7.62,6.28,6.69,6.78,3.206,6.64,7.186333333333334,2021
100.0,VIII,100,Anna Nagar (West),6.19,7.33,8.0,9.3,8.95,9.89,8.95,8.21,7.17,6.93,2.305,4.504,7.31075,2021
101.0,VIII,101,Anna Nagar (Central),2.71,3.25,3.45,3.6,3.34,4.05,3.03,7.31,2.69,2.5,1.482,2.523,3.327916666666667,2021
102.0,VIII,102,Anna Nagar (East),6.22,6.23,6.19,6.5,6.36,6.63,6.06,2.46,5.05,4.67,1.615,2.356,5.028416666666667,2021
103.0,VIII,103,Shenoy Nagar,9.59,9.35,9.24,9.1,8.97,8.88,8.73,5.14,8.38,8.16,6.64,6.179,8.196583333333333,2021
104.0,VIII,104,Purasawalkam,10.01,10.79,11.45,12.29,12.52,12.61,12.21,8.51,11.36,10.64,2.083,3.21,9.806916666666664,2021
105.0,VIII,105,Aminjikarai West,4.05,4.18,5.47,6.14,6.51,7.08,6.11,5.87,4.73,4.33,1.255,2.696,4.868416666666667,2021
106.0,VIII,106,Aminjikarai East,3.9,4.51,4.73,5.09,5.15,5.5,4.51,4.99,3.17,2.96,0.901,1.932,3.94525,2021
107.0,VIII,107,Chetpet / Kilpauk South,11.87,11.83,11.94,11.97,11.88,11.92,11.88,3.12,11.24,10.77,6.171,5.682,10.02275,2021
108.0,VIII,108,Aminjikarai Central,1.87,1.98,2.14,2.45,2.71,2.98,2.02,1.85,1.23,1.1,0.69,1.346,1.8638333333333337,2021
109.0,IX,109,Periyar Nagar North,10.75,11.06,11.21,11.42,11.63,11.75,11.38,10.97,10.7,9.79,3.122,3.992,9.814500000000002,2021
110.0,IX,110,Nungambakkam,12.29,12.11,12.22,12.25,11.96,11.9,11.33,10.47,10.12,9.45,4.132,4.807,10.253250000000001,2021
111.0,IX,111,Thousand Lights,10.93,11.73,12.06,11.29,9.81,9.73,10.04,11.49,11.62,12.09,9.144,9.098,10.75266666666667,2021
112.0,IX,112,Vadapalani East,6.93,7.46,7.96,8.42,8.49,9.06,8.63,10.92,7.67,6.85,2.946,3.778,7.426166666666667,2021
113.0,IX,113,Nakkeerar Nagar,16.21,16.53,16.73,16.96,16.88,17.05,16.62,7.96,15.66,14.96,8.116,6.977,14.221083333333338,2021
114.0,IX,114,Chepauk,6.91,7.12,7.31,7.39,7.31,7.27,6.64,15.98,6.21,5.97,1.637,3.035,6.898499999999999,2021
115.0,IX,115,Amir mahal,9.21,9.48,9.62,9.71,9.61,9.66,9.09,6.22,8.46,8.06,1.856,3.513,7.874083333333334,2021
116.0,IX,116,Thiruvallikeni,8.24,8.3,7.85,8.39,7.98,9.42,8.26,8.56,7.65,6.82,2.605,3.202,7.273083333333333,2021
117.0,IX,117,Sathiyamoorthi Nagar,6.75,6.83,6.81,7.17,6.79,6.67,6.64,7.48,6.93,6.83,2.806,4.65,6.363,2021
118.0,IX,118,Teynampet,11.6,11.07,10.84,10.78,10.32,10.86,10.73,7.16,10.78,10.67,3.801,4.981,9.466,2021
119.0,IX,119,Azad Nagar North / South,13.33,12.34,12.12,11.62,10.87,10.66,10.42,10.53,10.11,9.33,4.254,5.035,10.051583333333333,2021
120.0,IX,120,Krishnampet,9.53,9.21,9.03,8.93,8.9,8.87,8.57,10.3,7.91,7.27,2.443,2.733,7.808,2021
121.0,IX,121,Vivekanandhapuram,4.1,3.71,3.68,3.89,3.54,3.76,3.53,8.18,2.8,2.19,,1.809,3.744454545454545,2021
122.0,IX,122,Alwarpet (South),10.39,10.9,11.58,12.38,11.93,12.02,11.75,3.06,12.11,12.09,4.406,8.546,10.096833333333334,2021
123.0,IX,123,Bhemmannapet,6.64,7.31,7.65,9.12,7.44,8.43,7.87,12.14,6.78,6.49,2.588,5.001,7.288249999999999,2021
124.0,IX,124,Mylapore,7.34,7.08,7.09,7.22,7.25,7.27,7.08,7.18,6.57,5.88,2.462,3.23,6.304333333333333,2021
125.0,IX,125,Santhome,2.49,2.69,2.89,3.23,3.37,3.46,3.17,6.84,2.58,1.98,,0.453,3.013909090909091,2021
126.0,IX,126,Avvai Nagar North,4.82,5.09,5.32,5.43,5.36,5.3,5.19,2.96,4.79,4.46,2.825,3.947,4.624333333333333,2021
127.0,X,127,Virugambakkam North,6.93,8.09,8.81,9.8,8.86,10.09,9.29,8.16,8.44,8.72,3.632,8.065,8.240583333333333,2021
128.0,X,128,Virugambakkam South,1.83,2.12,2.5,2.88,3.21,3.33,2.9,5.49,2.54,2.62,1.034,2.487,2.745083333333333,2021
129.0,X,129,Saligramam,2.33,2.85,3.35,3.72,4.08,4.31,3.61,2.38,2.76,2.67,1.509,0.919,2.874,2021
130.0,X,130,Vadapalani West,4.46,4.82,5.16,5.68,5.41,5.92,5.82,3.23,5.08,4.99,0.587,3.001,4.513166666666667,2021
131.0,X,131,Kodambakkam North,2.33,2.57,2.65,2.76,2.96,3.07,2.58,5.77,2.38,2.31,1.195,1.625,2.683333333333333,2021
132.0,X,132,Ashok Nagar,2.76,3.48,3.98,4.05,4.08,4.91,3.71,3.41,3.18,2.98,0.654,2.444,3.3031666666666673,2021
133.0,X,133,MGR Nagar,5.77,5.85,5.92,6.17,5.73,6.12,6.1,5.99,5.81,5.48,1.736,3.974,5.3875,2021
134.0,X,134,Navalar Nedunchezian Nagar East,3.55,4.1,4.43,4.58,4.75,4.98,4.24,4.01,3.31,2.94,1.79,2.896,3.798,2021
135.0,X,135,Kamarajar Nagar South / East,3.13,4.53,5.01,4.52,4.21,4.52,3.27,3.59,3.49,3.51,,3.065,3.895,2021
136.0,X,136,Thiyagaraya Nagar,2.98,3.23,3.58,3.88,2.8,4.54,4.02,15.21,3.86,3.74,0.767,3.019,4.302166666666667,2021
137.0,X,137,Kodambakkam (S),2.02,2.07,2.09,2.5,2.6,2.66,2.16,1.99,1.6,1.22,0.612,1.676,1.9331666666666665,2021
138.0,X,138,Kalaignar Karunanidhi Nagar,9.79,10.52,15.48,0.0,14.82,16.24,15.94,15.22,14.49,15.81,6.339,7.28,11.827416666666664,2021
139.0,X,139,Saidapet (West),3.53,3.99,4.25,4.59,4.49,4.86,4.29,3.98,3.62,3.15,2.36,2.012,3.7601666666666667,2021
140.0,X,140,Kumaran Nagar North / South,2.64,3.32,3.69,3.91,3.66,3.8,3.55,7.96,3.68,3.45,0.579,1.579,3.484833333333334,2021
141.0,X,141,VOC Nagar,10.98,11.15,11.39,11.34,10.61,10.49,10.54,10.78,10.84,11.11,7.838,9.269,10.528083333333333,2021
142.0,X,142,Saidapet East,7.31,7.4,7.54,7.75,7.89,7.97,7.89,7.92,7.84,7.68,4.861,5.031,7.256833333333334,2021
143.0,XI,143,Nolambur,2.12,2.64,2.96,3.54,3.63,3.97,3.87,4.0,3.64,3.3,0.302,1.666,2.9698333333333324,2021
144.0,XI,144,Mettukuppam,3.53,4.33,4.97,5.38,5.41,5.78,5.64,5.6,5.54,5.27,0.963,2.221,4.552833333333333,2021
145.0,XI,145,Nerkundram,2.7,3.61,4.14,4.67,4.83,4.52,4.45,4.25,3.85,2.51,0.248,2.195,3.4977499999999995,2021
146.0,XI,146,Nerkundram,2.2,2.88,3.2,3.49,3.84,4.26,4.11,0.0,4.25,4.2,1.2,0.929,2.879916666666667,2021
147.0,XI,147,Maduravoyal,1.23,2.07,2.56,2.75,3.3,3.54,3.44,4.23,3.7,3.56,,0.269,2.786272727272727,2021
148.0,XI,148,Nerkundram,2.03,2.51,3.06,2.74,3.29,4.02,3.65,3.72,0.0,3.25,0.537,1.36,2.5139166666666664,2021
149.0,XI,149,Valasaravakkam,2.02,2.53,2.94,3.63,3.69,4.03,3.65,3.53,3.55,3.18,0.98,1.46,2.9325000000000006,2021
150.0,XI,150,Karambakkam,1.93,2.46,2.8,3.48,3.53,3.61,3.47,3.61,3.24,2.91,0.789,1.255,2.7569999999999997,2021
151.0,XI,151,Porur,2.48,3.07,3.49,3.18,3.37,4.66,4.62,3.16,4.77,4.69,0.773,1.485,3.312333333333333,2021
152.0,XI,152,Valasaravakkam,2.99,3.38,3.73,3.93,4.26,4.78,4.76,4.73,5.0,5.11,1.563,2.188,3.868416666666667,2021
153.0,XI,153,Porur,3.18,3.62,3.98,4.11,4.41,4.69,4.39,5.02,4.61,4.98,2.397,2.927,4.026166666666668,2021
154.0,XI,154,Ramapuram,2.95,3.67,4.05,4.19,4.54,5.18,5.03,4.09,4.96,4.78,0.157,1.586,3.76525,2021
155.0,XI,155,Ramapuram,3.06,3.26,3.48,4.44,4.81,4.37,4.37,4.88,4.38,4.3,0.44,1.923,3.64275,2021
156.0,XII,156,Mugalivakkam,11.82,12.76,14.07,14.67,14.27,15.11,15.12,4.38,15.41,15.22,9.035,11.937,12.816833333333333,2021
157.0,XII,157,Manapakkam,2.26,3.23,4.02,5.0,5.67,6.48,6.48,15.19,6.62,5.98,0.658,1.91,5.291499999999999,2021
158.0,XII,158,Nandambakkam,3.58,4.87,5.74,6.3,7.12,7.03,6.62,6.78,6.77,6.0,2.15,3.473,5.536083333333334,2021
159.0,XII,159,Meenampakkam,3.06,3.55,3.86,4.75,4.61,4.78,4.45,4.23,4.0,3.71,1.29,2.612,3.7418333333333336,2021
160.0,XII,160,Alandur,1.57,3.29,4.52,5.93,6.72,6.76,5.01,6.81,4.06,2.97,0.111,1.357,4.092333333333333,2021
161.0,XII,161,Alandur Part / Adampakkam Part,2.7,2.8,2.61,2.65,2.97,2.71,2.79,4.48,2.55,2.55,1.83,2.634,2.7728333333333333,2021
162.0,XII,162,T.G.Nagar / Nanganallur Part,3.06,3.83,4.15,4.35,4.53,4.35,3.71,3.95,2.94,2.76,1.95,2.495,3.5062499999999996,2021
163.0,XII,163,Adampakkam Part,2.24,3.07,3.82,4.09,4.27,4.17,2.82,2.57,1.98,1.63,1.509,2.008,2.8480833333333333,2021
164.0,XII,164,Nanganallur Part / Pazhavanthangal Part,3.65,3.77,4.03,4.5,4.42,4.37,4.0,3.19,2.99,2.98,1.532,3.08,3.542666666666667,2021
165.0,XII,165,Adampakkam Part / Balaji Nagar,3.48,4.41,4.71,5.21,5.59,5.18,4.42,2.17,3.49,3.41,2.032,3.489,3.9659166666666668,2021
166.0,XII,166,B.V.Nagar / Nanganallur Part,1.97,2.37,2.51,3.24,3.2,4.76,2.64,2.79,1.88,1.82,1.409,2.097,2.557166666666667,2021
167.0,XII,167,Nanganallur,2.62,2.97,3.17,3.27,3.05,3.02,2.92,4.01,2.26,2.35,1.769,2.501,2.825833333333333,2021
170.0,XIII,170,Guindy West,4.3,4.64,4.82,5.12,5.17,5.32,5.19,2.48,5.17,4.99,0.871,2.774,4.237083333333334,2021
171.0,XIII,171,GD Naidu Nagar South,5.68,5.94,6.17,6.44,6.38,6.5,6.29,5.22,6.42,6.3,1.25,3.433,5.501916666666666,2021
172.0,XIII,172,GD Naidu Nagar East,1.19,1.13,1.56,1.67,1.74,2.89,1.52,6.35,1.2,2.27,,0.302,1.9838181818181817,2021
173.0,XIII,173,Raja Annamalaipuram,1.45,1.65,1.83,1.92,2.03,1.8,1.61,1.47,0.0,1.18,0.031,1.11,1.3400833333333333,2021
174.0,XIII,174,Guindy East,1.4,1.53,1.74,1.58,1.86,2.07,1.71,1.52,1.31,1.29,0.875,1.605,1.5408333333333335,2021
175.0,XIII,175,Adyar West,4.71,5.04,5.35,5.74,5.97,6.19,6.2,1.32,5.92,5.03,0.608,1.547,4.468749999999999,2021
176.0,XIII,176,Adyar East,3.26,3.42,3.53,3.53,3.74,4.05,4.19,6.16,3.9,3.39,0.564,1.483,3.4347499999999997,2021
177.0,XIII,177,Velachery,2.03,2.65,2.87,2.98,2.67,2.01,1.93,4.06,0.0,1.09,0.575,1.006,1.9892499999999995,2021
178.0,XIII,178,Velachery,1.11,1.13,1.21,1.17,1.16,0.98,0.66,1.38,0.34,0.41,0.211,0.545,0.8588333333333334,2021
179.0,XIII,179,Velachery,2.81,3.11,3.24,3.42,3.47,3.35,2.77,0.48,2.1,1.82,0.952,1.977,2.45825,2021
180.0,XIII,180,Thiruvanmiyur West,1.02,1.24,1.46,1.57,1.87,1.62,1.47,2.46,0.74,0.9,0.304,0.48,1.2611666666666668,2021
181.0,XIII,181,Thiruvanmiyur,1.83,2.07,2.26,2.42,2.56,2.68,2.63,1.05,2.48,2.17,0.41,1.125,1.97375,2021
182.0,XIII,182,Thiruvanmiyur,2.76,3.03,3.3,3.55,3.72,3.92,3.86,2.62,3.73,3.35,1.098,1.684,3.0518333333333327,2021
,XIV,168,Ullagaram,4.03,4.54,4.95,5.68,6.25,6.55,6.5,3.89,5.37,4.4,2.143,2.84,4.761916666666667,2021
,XIV,169,Puzhuthivakkam,0.87,1.29,1.74,2.43,1.99,2.06,1.27,6.23,0.17,0.31,,0.52,1.7163636363636365,2021
183.0,XIV,183,Kottivakkam,3.56,3.77,3.97,4.2,4.2,4.28,3.8,0.41,3.32,2.85,2.167,2.816,3.2785833333333336,2021
184.0,XIV,184,Perungudi,2.6,3.13,3.8,4.31,3.97,4.42,3.64,10.83,3.37,2.58,1.362,2.388,3.8666666666666667,2021
185.0,XIV,185,Palavakkam,3.37,3.57,3.62,3.85,3.99,4.07,3.86,3.02,3.71,3.63,2.269,3.064,3.501916666666667,2021
186.0,XIV,186,Perungudi,7.0,9.01,10.14,11.05,11.14,11.23,11.2,10.83,10.58,9.2,1.259,5.504,9.011916666666668,2021
187.0,XIV,187,Madipakkam,1.45,1.84,2.2,2.42,2.94,3.31,2.75,3.02,2.14,2.35,0.17,0.358,2.079,2021
188.0,XIV,188,Madipakkam,2.34,3.08,3.87,5.19,5.65,5.71,5.04,3.84,2.72,1.98,1.437,2.018,3.572916666666666,2021
189.0,XIV,189,Pallikaranai,2.67,3.42,4.02,5.23,5.36,5.83,4.49,3.02,2.96,2.52,1.96,2.644,3.677000000000001,2021
190.0,XIV,190,Pallikarania,2.28,2.76,3.42,4.48,5.08,5.57,4.97,4.58,4.09,3.19,1.27,2.0,3.6408333333333336,2021
191.0,XIV,191,Jalladampettai,4.71,4.82,5.14,5.34,4.94,5.24,4.36,3.7,4.0,3.29,1.445,3.658,4.22025,2021
192.0,XV,192,Neelankarai,4.5,4.62,4.99,5.37,5.67,5.85,5.78,5.86,5.93,5.82,2.444,3.463,5.02475,2021
193.0,XV,193,Neelankarai,1.81,2.24,2.45,2.67,3.47,3.53,3.51,3.39,3.02,3.06,2.222,2.456,2.8190000000000004,2021
194.0,XV,194,Okkiyam Thuraipakkam,2.14,2.24,2.42,2.64,2.53,2.62,2.38,2.14,2.09,2.06,1.299,1.902,2.205083333333333,2021
195.0,XV,195,Okkiyam Thuraipakkam,1.8,2.21,2.01,2.1,1.96,1.93,1.79,1.53,1.59,1.69,1.027,1.706,1.7785833333333334,2021
196.0,XV,196,Injampakkam,5.62,5.92,6.15,6.44,6.6,6.76,6.74,6.74,6.7,6.5,4.831,5.149,6.179166666666667,2021
197.0,XV,197,Karapakkam,1.78,2.23,2.64,3.17,3.93,4.5,4.4,4.01,4.13,3.16,0.119,1.25,2.9432500000000004,2021
198.0,XV,198,Shozhinganallur,3.7,4.53,4.92,5.8,4.76,5.67,4.84,2.36,4.45,3.77,2.256,3.601,4.221416666666667,2021
199.0,XV,199,Uthandi,1.82,1.93,2.19,2.48,2.58,2.77,2.61,2.82,2.43,2.19,0.588,1.155,2.13025,2021
200.0,XV,200,Semmenchery,2.49,2.86,3.3,3.98,3.9,4.68,4.24,4.96,3.45,2.88,0.169,1.905,3.2345,2021
1.0,I,1,Kathivakkam,1.619,1.706,1.72,1.71,1.76,1.68,1.68,1.68,1.54,1.38,1.4,1.427,1.6084999999999996,2022
2.0,I,2,Kathivakkam,3.202,3.249,3.29,3.3,3.32,3.39,3.4,3.431,3.44,3.4,3.21,3.348,3.331666666666667,2022
3.0,I,3,Ernavoor,2.135,2.255,2.3,2.301,2.3,2.11,2.29,2.28,2.22,1.99,1.91,3.113,2.267,2022
4.0,I,4,Sadaiyankuppam,3.321,3.482,3.61,10.36,3.72,3.81,3.8,3.8,3.8,3.45,3.27,3.17,4.132750000000001,2022
5.0,I,5,Kamadhenu Nagar,3.211,3.326,3.45,3.52,3.38,3.15,0.0,,3.52,3.25,,3.93,3.0736999999999997,2022
6.0,I,6,Murugappa Nagar,1.354,1.486,1.57,1.652,1.68,1.76,1.761,1.774,1.8,1.71,1.71,1.036,1.6077500000000002,2022
7.0,I,7,Raja Shanmugam Nagar,1.317,1.46,1.58,1.916,1.97,1.4,1.489,1.558,1.56,1.37,1.07,1.39,1.5066666666666668,2022
8.0,I,8,Gandhinagar,4.053,4.183,4.26,4.343,4.36,4.44,4.478,4.515,4.52,4.41,4.19,5.326,4.423166666666666,2022
9.0,I,9,Amsa Thottam,6.276,6.496,6.75,6.989,7.04,6.77,6.77,6.97,7.09,6.82,6.17,5.88,6.668416666666666,2022
10.0,I,10,Chinna Mettupalaiyam,3.848,4.032,4.16,4.434,4.49,4.63,4.694,4.83,4.96,4.98,3.95,2.916,4.327000000000001,2022
11.0,I,11,Ondikuppam,3.57,3.913,4.25,4.595,4.65,4.52,4.49,4.709,4.77,4.53,3.46,3.094,4.212583333333334,2022
12.0,I,12,Sathankadu,2.51,2.67,2.86,3.039,3.09,3.3,3.3,3.3,3.68,3.75,2.75,3.01,3.104916666666666,2022
13.0,I,13,Thilagar Nagar,,0.431,0.29,0.17,0.15,0.04,0.002,0.044,0.09,0.09,0.09,1.09,0.2260909090909091,2022
14.0,I,14,Kaladipettai,4.627,4.906,5.14,5.752,5.63,5.24,5.572,5.664,5.78,5.27,5.56,5.87,5.417583333333334,2022
15.0,I,15,Edayanchavadi,0.851,1.246,1.6,2.04,2.13,1.53,1.483,2.035,2.07,1.47,0.74,1.74,1.5779166666666666,2022
16.0,I,16,Sadayankuppam,0.474,0.886,1.31,1.76,1.86,1.28,1.444,1.752,1.59,1.11,0.32,1.23,1.2513333333333334,2022
17.0,I,17,Theeumpakkam,0.276,0.852,1.48,2.13,2.69,1.48,1.654,2.233,2.07,1.02,0.08,1.39,1.44625,2022
18.0,I,18,Manali,1.602,2.212,2.77,5.79,5.62,5.2,5.522,3.708,5.91,6.34,4.25,3.543,4.37225,2022
19.0,I,19,Chinna Mathur,4.476,4.764,5.55,6.83,6.93,6.38,6.349,6.916,7.0,7.03,,7.09,6.301363636363636,2022
20.0,I,20,Mathur,4.606,6.763,6.19,8.49,8.15,7.76,7.646,7.524,7.32,7.79,5.65,8.202,7.174250000000001,2022
21.0,I,21,Chinna Sekadu (Part),2.605,2.865,3.09,1.91,2.12,2.67,1.448,2.938,3.01,1.19,0.43,1.745,2.168416666666667,2022
22.0,III,22,Kavankarai,2.73,2.563,2.75,4.213,3.7,2.02,2.318,2.891,2.9,2.63,3.03,3.79,2.96125,2022
23.0,III,23,Puzhal,5.908,7.55,8.49,8.86,8.88,6.25,6.59,8.199,8.62,6.15,5.59,6.22,7.275583333333334,2022
24.0,III,24,Surappattu,2.568,3.75,8.3,14.482,16.01,12.98,10.627,15.078,17.56,15.97,3.12,3.032,10.28975,2022
25.0,III,25,Kathirvedu,3.503,6.318,10.08,14.067,14.46,13.51,11.43,13.16,14.66,12.74,5.35,4.518,10.316333333333331,2022
26.0,III,26,Madhavaram,2.896,4.353,8.15,12.897,11.71,7.18,5.786,10.266,11.85,9.17,2.94,4.406,7.633666666666667,2022
27.0,III,27,Milk Colony,1.999,2.881,3.65,5.196,5.37,5.37,11.43,5.0,6.21,5.67,2.11,5.324,5.0175,2022
28.0,III,28,Chinna Sekadu,1.216,1.73,2.23,2.727,2.84,3.53,2.897,3.285,3.46,3.25,1.91,4.4,2.7895833333333333,2022
29.0,III,29,Chinnandi Madam,,0.26,0.64,1.157,1.26,1.192,0.316,0.671,0.8,0.87,0.59,2.448,0.9276363636363637,2022
30.0,III,30,Alex Nagar,1.765,2.293,2.98,4.069,4.26,4.1,4.21,4.913,5.212,4.82,10.29,11.33,5.020166666666666,2022
31.0,III,31,Moolakadai,2.229,2.84,3.56,4.553,4.79,5.01,4.493,5.158,5.59,5.67,2.33,5.363,4.2988333333333335,2022
32.0,III,32,Kalpalaiyam,10.959,14.112,16.89,18.709,19.67,19.72,14.985,19.45,17.08,19.87,12.01,12.888,16.361916666666666,2022
33.0,III,33,Thatankulam,2.337,3.257,3.96,5.719,5.67,4.45,4.154,5.174,5.83,5.72,2.47,4.53,4.43925,2022
34.0,IV,34,Kodungaiyur (West),2.277,3.274,4.22,5.147,5.08,5.1,5.18,4.85,5.31,5.23,1.88,5.655,4.433583333333334,2022
35.0,IV,35,Thiruvalluvar Nagar,5.659,5.83,6.28,6.815,6.95,7.6,7.525,7.66,7.88,7.83,5.45,6.7,6.848250000000001,2022
36.0,IV,36,Perambur (East),3.557,4.341,6.28,5.692,5.7,7.6,4.952,5.134,7.88,7.83,5.45,7.25,5.972166666666666,2022
37.0,IV,37,Kodungaiyur (East),2.721,3.02,3.33,3.802,3.84,3.74,3.74,2.89,3.22,2.87,2.44,1.765,3.114833333333333,2022
38.0,IV,38,Dr.Radhakrishnan Nagar (North),2.209,2.481,2.66,2.809,2.84,2.58,2.531,2.759,2.8,2.6,2.15,2.942,2.6134166666666667,2022
39.0,IV,39,Cheriyan Nagar North / South,3.603,3.749,4.09,4.329,4.35,4.43,4.326,4.512,4.53,4.46,3.6,5.065,4.253666666666667,2022
40.0,IV,40,Jeeva Nagar (North),2.136,2.205,2.29,2.376,2.4,2.52,2.571,2.626,2.68,2.74,2.73,2.904,2.5148333333333337,2022
41.0,IV,41,Vyasarpadi North / Kumarasamy Nagar North,2.202,2.453,2.74,3.05,3.11,2.42,2.573,2.403,2.55,2.47,2.47,3.408,2.6540833333333333,2022
42.0,IV,42,Korukkupet,1.739,1.874,2.04,2.211,2.26,2.55,2.61,2.696,2.78,2.87,2.31,0.794,2.2278333333333333,2022
43.0,IV,43,Tondiarpet,1.645,1.849,2.09,2.361,2.44,2.91,2.955,3.05,3.17,3.2,1.94,0.0,2.3008333333333333,2022
44.0,IV,44,Perambur (North),11.493,11.498,11.73,12.052,12.08,12.24,12.055,12.106,12.07,12.04,12.04,13.51,12.076166666666664,2022
45.0,IV,45,Elango Nagar,7.389,7.48,7.53,7.596,7.6,7.62,7.588,7.577,7.57,7.55,4.93,4.901,7.1109166666666646,2022
46.0,IV,46,Vyasarpadi (South),2.036,2.556,3.07,3.571,3.73,2.96,2.743,2.914,2.77,2.75,2.03,2.001,2.7609166666666667,2022
47.0,IV,47,Dr.Radhakrishnan Nagar (South),1.714,2.017,2.29,2.698,2.73,2.11,2.037,2.052,2.22,2.3,1.49,1.648,2.108833333333333,2022
48.0,IV,48,Mottai Thottam,2.028,2.364,2.75,3.293,3.34,2.65,2.554,2.871,3.13,3.47,2.11,1.669,2.685749999999999,2022
49.0,V,49,Grace Garden,3.035,3.303,3.66,4.141,4.21,4.12,4.04,4.26,4.49,4.66,2.94,1.336,3.682916666666666,2022
50.0,V,50,Royapuram,2.175,2.393,2.48,2.522,2.53,2.62,2.635,2.655,2.68,2.71,2.32,3.58,2.608333333333333,2022
51.0,V,51,Narayana Garden / Old Washermenpet,2.866,3.179,3.54,4.193,3.97,3.87,3.988,4.125,4.26,4.26,2.81,3.969,3.7525,2022
52.0,V,52,Meenakshiammanpet,3.551,3.764,4.01,4.294,4.38,4.59,4.438,4.609,4.71,4.72,3.22,3.143,4.119083333333333,2022
53.0,V,53,Basin Bridge,24.832,0.0,24.83,24.82,24.83,24.83,24.83,24.83,24.83,24.83,24.83,25.86,22.846,2022
54.0,V,54,Kondithope / Peddunaickenpet,3.008,3.304,3.64,4.246,4.21,3.65,4.122,3.812,4.14,4.27,3.66,5.169,3.935916666666666,2022
55.0,V,55,Seven Wells (North / South),3.218,4.494,4.97,5.492,5.51,5.27,5.692,5.987,6.2,6.3,4.85,2.752,5.06125,2022
56.0,V,56,Muthialpet,4.068,10.771,10.972,10.689,10.67,10.52,10.605,10.6,,10.48,,9.812,9.9187,2022
57.0,V,57,Sowcarpet,10.877,4.189,4.61,5.153,5.12,5.41,5.529,5.92,6.01,6.1,4.69,4.344,5.6626666666666665,2022
58.0,V,58,Poonga Nagar,7.977,8.438,9.08,9.454,9.46,9.99,9.977,10.033,10.0,9.68,8.05,9.059,9.266499999999999,2022
59.0,V,59,Edapalayam / Nehru Nagar,5.284,6.062,6.7,7.204,7.14,6.86,7.29,7.47,7.47,7.49,5.3,7.44,6.809166666666666,2022
60.0,V,60,Vallal Seethakathi Nagar,3.887,3.889,3.9,3.908,3.9,3.95,3.962,3.983,4.0,4.02,4.02,4.91,4.027416666666666,2022
61.0,V,61,Egmore / Pudupet,5.687,6.406,7.18,8.082,8.24,8.98,9.078,9.598,9.52,9.38,6.66,9.626,8.203083333333334,2022
62.0,V,62,Chintadripet,2.172,2.55,2.72,2.988,2.95,2.49,2.746,2.74,2.71,2.68,1.96,3.799,2.70875,2022
63.0,V,63,Komaleeswaranpet,,3.183,4.22,4.867,4.81,4.63,4.99,5.36,5.66,5.37,3.15,2.788,4.457090909090908,2022
64.0,VI,64,Kolathur,1.496,1.856,2.1,2.38,2.38,0.9,1.236,2.075,2.35,1.66,1.53,1.78,1.8119166666666668,2022
65.0,VI,65,Venus Nagar,1.413,1.12,1.56,2.033,2.12,0.45,0.675,1.026,1.29,0.77,0.76,1.526,1.2285833333333334,2022
66.0,VI,66,Agaram (North),1.344,1.853,2.18,2.42,2.47,2.48,2.52,1.96,1.88,1.85,1.26,3.123,2.111666666666667,2022
67.0,VI,67,Agaram (South),6.579,7.643,8.62,9.642,9.92,10.36,10.076,10.251,10.28,10.28,6.37,7.531,8.962666666666669,2022
68.0,VI,68,Sembium,7.44,8.624,9.52,10.249,10.43,10.87,10.521,10.723,10.68,10.72,6.16,8.172,9.509083333333331,2022
69.0,VI,69,Siruvallur,0.0,0.0,0.0,0.0,0.0,0.0,0.0,0.0,,0.0,,0.564,0.05639999999999999,2022
70.0,VI,70,Perambur (South),17.817,17.367,17.13,17.403,17.06,16.83,16.633,16.444,16.25,16.15,14.77,15.97,16.652,2022
71.0,VI,71,Thiru Vi Ka Nagar,13.972,14.458,15.27,15.388,15.51,15.65,15.334,15.282,15.14,15.09,13.51,14.99,14.966166666666668,2022
72.0,VI,72,Dr Sathiyavanimuthu Nagar,2.4,2.966,3.32,4.012,4.02,3.37,3.253,3.149,3.29,3.42,2.23,2.203,3.136083333333333,2022
73.0,VI,73,Pulianthope,7.008,8.052,9.22,10.019,10.13,9.89,9.77,9.77,9.72,9.72,9.72,10.575,9.466166666666668,2022
74.0,VI,74,Maraimalai Adikal Nagar,13.124,12.85,12.55,12.484,12.38,11.98,11.851,11.489,11.32,11.32,11.32,12.388,12.088,2022
75.0,VI,75,Kosappet,3.386,4.545,5.87,7.216,7.6,7.12,7.649,6.966,7.77,7.93,3.16,3.256,6.038999999999999,2022
76.0,VI,76,Pattalam SC (G),,,14.55,14.82,14.54,14.55,14.55,14.55,14.55,14.55,14.55,15.696,14.6906,2022
77.0,VI,77,Dr. Besant Nagar/ Thattankulam,6.504,7.638,8.75,9.693,9.85,9.41,9.562,9.162,9.55,9.67,6.49,7.432,8.642583333333333,2022
78.0,VI,78,Choolai,6.029,7.146,8.18,9.108,9.31,7.71,9.34,8.94,9.28,9.52,7.3,7.202,8.255416666666667,2022
79.0,VII,79,Banu Nagar,1.344,4.557,7.62,10.596,11.21,10.12,8.587,10.0,10.55,8.49,0.63,1.85,7.129499999999999,2022
80.0,VII,80,Athimulam Nagar,2.143,4.831,8.22,10.967,11.51,10.47,9.36,10.596,11.31,9.28,2.45,1.961,7.758166666666668,2022
81.0,VII,81,Vijayalakshmipuram,3.62,6.189,8.488,11.37,11.91,2.91,11.553,11.831,2.79,2.68,6.2,6.72,7.188416666666668,2022
82.0,VII,82,Kallikuppam,2.117,3.705,6.32,8.541,8.94,5.72,4.152,6.0,6.43,3.3,0.99,1.89,4.842083333333334,2022
83.0,VII,83,Puthagaram,0.103,0.525,0.6,0.765,0.66,0.32,0.058,0.107,0.17,0.39,0.2,4.247,0.67875,2022
84.0,VII,84,Korattur,2.095,2.336,2.58,3.139,3.22,2.67,2.109,2.335,2.57,2.24,,1.395,2.426272727272727,2022
85.0,VII,85,Menambedu,4.316,6.109,7.67,9.182,9.61,8.94,7.935,8.837,9.54,9.32,4.93,2.216,7.38375,2022
86.0,VII,86,Ayyappakkam,2.516,3.194,3.85,4.526,4.49,5.04,5.153,5.428,5.8,5.54,3.86,3.524,4.410083333333334,2022
87.0,VII,87,Mathiyalagan Nagar,4.251,4.818,5.24,5.935,6.02,4.15,4.303,4.735,4.9,4.38,3.98,4.62,4.777666666666666,2022
88.0,VII,88,Villivakkam / Anna Nagar West,5.926,6.821,7.47,8.26,8.28,6.65,6.327,6.726,6.78,6.29,5.31,5.341,6.68175,2022
89.0,VII,89,Anna Nagar West Extension,2.502,2.947,3.28,3.56,3.61,2.91,2.738,2.76,3.07,2.5,2.31,1.47,2.80475,2022
90.0,VII,90,Padikuppam,3.225,3.602,4.52,5.385,6.05,3.99,3.592,3.75,4.18,3.15,2.72,4.72,4.073666666666666,2022
91.0,VII,91,Nolambur (Part) / Mugappair Eri Scheme,7.728,8.258,8.82,9.528,9.58,9.09,9.098,8.492,8.81,8.5,7.69,8.25,8.653666666666666,2022
92.0,VII,92,Padi Pudhu nagar,3.807,4.461,4.8,5.266,5.19,4.26,4.265,3.797,4.17,3.48,3.6,4.13,4.268833333333334,2022
93.0,VII,93,Maduravoyal (Part) / Nerkundram (Part),2.805,3.027,3.24,3.573,3.41,2.66,2.792,2.584,2.74,2.51,2.56,4.074,2.997916666666667,2022
94.0,VIII,94,Villivakkam North,1.152,1.976,3.07,4.933,5.01,2.03,2.65,2.874,2.89,1.87,0.99,1.858,2.6085833333333333,2022
95.0,VIII,95,Vasantham Colony,5.345,5.574,6.68,7.182,7.02,5.99,6.009,6.009,6.06,5.9,4.34,5.699,5.983999999999999,2022
96.0,VIII,96,Viduthalai Gurusamy Nagar South,4.491,5.243,5.8,6.215,6.35,5.78,5.892,6.108,6.09,6.19,6.45,4.643,5.771000000000001,2022
97.0,VIII,97,Ayanavaram,1.543,2.427,2.96,3.534,3.43,2.84,2.852,3.035,3.14,3.08,0.43,2.416,2.6405833333333333,2022
98.0,VIII,98,Pannerselvam Nagar,0.558,0.974,1.24,1.507,1.56,1.14,1.282,1.36,1.47,1.24,0.47,0.514,1.1095833333333334,2022
99.0,VIII,99,Villivakkam South,6.764,7.582,8.75,9.729,9.6,8.61,8.341,8.166,8.23,7.23,6.16,5.997,7.929916666666667,2022
100.0,VIII,100,Anna Nagar (West),4.619,5.807,7.03,8.959,9.09,7.78,8.403,7.53,7.71,7.32,5.04,4.901,7.01575,2022
101.0,VIII,101,Anna Nagar (Central),2.504,3.013,3.52,4.19,3.74,3.33,7.853,2.924,2.93,2.62,2.49,2.263,3.4480833333333334,2022
102.0,VIII,102,Anna Nagar (East),2.257,2.566,2.7,3.245,3.15,2.84,3.086,3.0,3.0,2.96,1.96,2.001,2.7304166666666667,2022
103.0,VIII,103,Shenoy Nagar,5.39,5.13,4.9,4.789,4.72,4.43,2.966,4.014,3.78,3.51,1.68,0.655,3.8303333333333334,2022
104.0,VIII,104,Purasawalkam,2.53,3.571,4.34,5.149,5.38,5.33,4.177,5.657,5.78,,2.68,1.648,4.203818181818182,2022
105.0,VIII,105,Aminjikarai West,2.581,3.333,4.33,5.297,5.49,4.3,4.128,4.008,4.19,3.5,2.93,2.573,3.888333333333333,2022
106.0,VIII,106,Aminjikarai East,1.919,2.486,3.07,3.538,3.55,2.96,4.217,3.013,3.46,2.92,1.92,1.669,2.8935,2022
107.0,VIII,107,Chetpet / Kilpauk South,5.285,5.682,6.1,6.466,6.55,6.7,3.064,6.832,6.86,6.68,4.7,4.113,5.752666666666666,2022
108.0,VIII,108,Aminjikarai Central,1.251,1.416,1.92,2.335,2.42,6.7,6.713,1.444,6.86,6.68,4.7,5.336,3.9812500000000006,2022
109.0,IX,109,Periyar Nagar North,3.511,4.064,4.01,5.021,5.13,5.08,1.606,5.461,5.46,5.03,3.39,3.368,4.260916666666667,2022
110.0,IX,110,Nungambakkam,4.839,5.84,6.97,7.893,8.05,10.95,5.31,8.398,8.28,7.79,5.44,5.583,7.111916666666667,2022
111.0,IX,111,Thousand Lights,7.465,8.005,9.63,10.554,10.63,5.25,11.381,11.522,12.27,12.68,11.18,10.683,10.104166666666666,2022
112.0,IX,112,Vadapalani East,3.543,4.119,4.82,5.413,5.74,8.25,5.559,5.597,5.73,5.01,4.12,3.969,5.155833333333333,2022
113.0,IX,113,Nakkeerar Nagar,5.894,6.806,7.57,8.347,8.49,9.21,8.425,8.881,9.09,8.43,5.25,4.486,7.573250000000001,2022
114.0,IX,114,Chepauk,2.839,3.676,4.44,0.0,5.27,5.21,8.461,5.724,5.9,5.84,5.92,3.014,4.691166666666667,2022
115.0,IX,115,Amir mahal,2.904,3.899,4.731,5.555,5.72,5.47,5.657,6.133,6.42,6.12,6.25,3.143,5.166833333333333,2022
116.0,IX,116,Thiruvallikeni,3.051,3.632,3.7,4.497,4.2,5.22,5.5,5.104,5.44,5.22,4.85,3.603,4.501416666666667,2022
117.0,IX,117,Sathiyamoorthi Nagar,5.18,6.556,7.64,8.011,9.04,8.21,6.043,8.556,8.7,8.33,7.32,7.457,7.586916666666667,2022
118.0,IX,118,Teynampet,4.359,5.942,7.0,7.586,7.56,7.97,9.317,8.467,8.82,8.76,6.76,5.169,7.309166666666667,2022
119.0,IX,119,Azad Nagar North / South,4.437,5.467,6.38,7.075,6.93,7.1,8.086,7.661,7.76,7.19,5.24,4.931,6.521416666666666,2022
120.0,IX,120,Krishnampet,2.15,5.477,3.53,3.999,4.09,3.92,4.62,4.306,4.41,4.46,2.55,2.752,3.855333333333333,2022
121.0,IX,121,Vivekanandhapuram,1.738,2.977,2.36,2.879,2.67,2.23,4.216,2.549,2.47,2.41,1.66,1.773,2.494333333333333,2022
122.0,IX,122,Alwarpet (South),8.786,1.933,11.66,12.764,13.02,13.07,14.024,14.912,13.96,12.89,10.42,9.812,11.437583333333334,2022
123.0,IX,123,Bhemmannapet,4.81,10.024,6.29,7.286,6.86,5.9,5.97,6.456,6.56,6.29,5.2,4.888,6.377833333333335,2022
124.0,IX,124,Mylapore,3.185,5.431,4.09,4.532,4.62,4.5,5.225,4.73,4.78,4.56,3.45,3.344,4.370583333333334,2022
125.0,IX,125,Santhome,0.409,0.651,0.91,1.258,1.33,0.95,1.72,1.214,1.21,1.03,0.38,0.344,0.9505,2022
126.0,IX,126,Avvai Nagar North,3.963,0.65,4.79,5.159,5.18,4.92,1.224,5.053,4.99,4.59,4.0,4.059,4.048166666666667,2022
127.0,X,127,Virugambakkam North,8.212,9.604,10.83,12.59,12.69,11.21,11.21,11.192,11.94,12.03,12.03,11.542,11.256666666666668,2022
128.0,X,128,Virugambakkam South,2.607,2.485,2.54,2.861,2.89,0.89,1.85,2.252,2.55,2.34,2.09,11.436,3.0659166666666664,2022
129.0,X,129,Saligramam,0.862,1.152,1.44,1.905,1.97,1.85,1.54,0.919,1.11,1.05,1.05,1.911,1.3965833333333333,2022
130.0,X,130,Vadapalani West,2.657,3.663,4.34,4.978,4.82,4.6,5.38,4.861,4.98,4.29,2.81,0.905,4.023666666666666,2022
131.0,X,131,Kodambakkam North,1.433,1.658,1.9,2.12,2.17,1.54,2.66,1.519,1.5,1.38,1.33,0.884,1.6745,2022
132.0,X,132,Ashok Nagar,2.244,3.048,3.23,4.713,4.89,2.66,3.26,2.67,2.35,2.24,2.28,2.626,3.017583333333333,2022
133.0,X,133,MGR Nagar,3.423,4.38,5.28,5.809,5.92,5.38,4.52,5.243,5.87,4.97,3.96,4.27,4.918749999999999,2022
134.0,X,134,Navalar Nedunchezian Nagar East,2.781,3.251,3.72,4.718,6.52,3.26,3.49,3.514,3.4,3.03,2.76,2.03,3.5395,2022
135.0,X,135,Kamarajar Nagar South / East,2.915,4.119,5.28,6.052,5.89,3.51,4.96,3.722,3.72,3.79,3.5,3.799,4.271416666666666,2022
136.0,X,136,Thiyagaraya Nagar,3.388,4.729,5.44,5.992,5.8,4.52,6.25,5.685,5.36,5.78,4.73,2.698,5.031000000000001,2022
137.0,X,137,Kodambakkam (S),1.644,1.76,1.97,2.225,2.23,1.5,1.5,1.358,1.32,1.28,1.56,2.788,1.7612500000000002,2022
138.0,X,138,Kalaignar Karunanidhi Nagar,12.878,14.393,16.04,18.171,17.94,14.74,14.25,15.247,15.32,13.68,12.57,12.644,14.82275,2022
139.0,X,139,Saidapet (West),1.988,2.392,2.89,3.393,3.46,2.31,1.825,2.723,2.03,2.03,1.54,1.526,2.3422500000000004,2022
140.0,X,140,Kumaran Nagar North / South,1.867,2.69,3.61,4.173,4.2,3.49,3.18,4.487,4.4,3.92,2.47,2.398,3.407083333333334,2022
141.0,X,141,VOC Nagar,9.087,9.984,10.92,11.647,11.67,11.73,4.203,12.069,12.04,11.5,10.14,10.123,10.426083333333333,2022
142.0,X,142,Saidapet East,5.254,5.89,6.26,6.974,7.12,11.72,12.06,7.647,7.78,7.67,6.19,5.796,7.530083333333334,2022
143.0,XI,143,Nolambur,2.398,2.637,3.67,4.322,4.13,3.5,7.432,2.465,2.75,1.98,1.32,1.531,3.1779166666666665,2022
144.0,XI,144,Mettukuppam,2.433,3.68,4.66,5.341,5.54,4.64,3.444,4.457,5.58,5.11,2.62,2.223,4.143999999999999,2022
145.0,XI,145,Nerkundram,2.571,3.813,4.54,5.204,5.33,5.45,5.238,5.473,5.45,5.03,2.6,2.172,4.405916666666667,2022
146.0,XI,146,Nerkundram,0.901,1.83,2.562,3.419,3.51,3.43,3.759,3.052,3.28,3.28,0.87,0.564,2.5380833333333337,2022
147.0,XI,147,Maduravoyal,0.312,1.06,2.0,2.755,2.96,2.84,3.816,2.458,2.97,2.94,0.3,0.157,2.0473333333333334,2022
148.0,XI,148,Nerkundram,,2.324,2.89,3.61,3.65,3.14,3.333,2.928,3.32,2.99,1.34,0.971,2.7723636363636364,2022
149.0,XI,149,Valasaravakkam,1.516,2.166,2.59,3.318,3.1,2.74,3.645,2.68,2.95,2.98,1.67,1.442,2.5664166666666666,2022
150.0,XI,150,Karambakkam,1.225,1.656,2.26,2.792,2.84,2.7,2.82,1.471,2.16,1.98,1.01,0.985,1.9915833333333335,2022
151.0,XI,151,Porur,1.379,2.04,2.74,3.378,3.49,3.62,3.973,3.585,3.88,3.91,1.66,1.389,2.9203333333333332,2022
152.0,XI,152,Valasaravakkam,2.28,2.871,3.46,3.987,3.98,4.3,4.405,4.126,4.4,4.27,2.69,2.203,3.5809999999999995,2022
153.0,XI,153,Porur,4.41,5.429,4.97,4.744,4.77,4.15,4.403,2.642,3.26,2.99,2.77,2.762,3.941666666666667,2022
154.0,XI,154,Ramapuram,1.39,2.436,3.25,3.898,4.07,3.96,4.382,3.671,4.23,4.23,2.04,1.575,3.2609999999999997,2022
155.0,XI,155,Ramapuram,1.891,2.523,3.07,3.655,3.74,4.11,4.471,4.15,4.37,4.27,2.89,2.351,3.4575833333333335,2022
156.0,XII,156,Mugalivakkam,11.884,13.612,14.62,15.404,15.33,15.65,15.808,15.71,15.26,14.81,12.53,12.388,14.417166666666667,2022
157.0,XII,157,Manapakkam,1.986,3.044,4.21,5.046,5.43,4.76,5.194,4.439,4.94,4.28,1.63,1.603,3.880166666666667,2022
158.0,XII,158,Nandambakkam,3.398,4.419,5.75,6.516,6.71,6.41,7.374,6.107,6.72,5.98,3.5,3.256,5.511666666666667,2022
159.0,XII,159,Meenampakkam,2.796,3.665,4.03,5.027,5.01,4.69,7.405,4.006,4.6,4.11,2.96,2.561,4.238333333333334,2022
160.0,XII,160,Alandur,1.212,1.754,4.44,6.087,6.69,3.47,4.759,1.814,3.88,2.64,1.04,2.696,3.3735,2022
161.0,XII,161,Alandur Part / Adampakkam Part,2.528,2.646,2.93,2.541,2.65,2.38,4.485,2.586,2.69,2.43,2.87,2.432,2.764,2022
162.0,XII,162,T.G.Nagar / Nanganallur Part,2.62,3.08,3.84,4.13,4.4,3.16,3.721,2.623,3.43,2.73,2.44,2.88,3.2544999999999997,2022
163.0,XII,163,Adampakkam Part,2.123,2.775,3.57,4.592,4.7,2.64,3.677,2.373,2.64,1.91,1.73,1.825,2.879583333333333,2022
164.0,XII,164,Nanganallur Part / Pazhavanthangal Part,2.774,3.149,3.9,4.378,4.49,3.7,3.268,3.683,4.59,3.84,3.06,3.202,3.6695000000000007,2022
165.0,XII,165,Adampakkam Part / Balaji Nagar,3.548,4.233,4.19,4.426,4.62,2.94,3.962,3.806,4.04,3.18,3.04,3.439,3.7853333333333334,2022
166.0,XII,166,B.V.Nagar / Nanganallur Part,1.931,2.451,3.55,3.31,3.42,2.2,2.375,1.782,2.08,1.93,1.74,1.961,2.394166666666666,2022
167.0,XII,167,Nanganallur,2.694,3.092,3.279,3.262,3.27,2.54,2.371,2.364,3.12,2.53,2.27,2.348,2.7616666666666667,2022
170.0,XIII,170,Guindy West,2.852,3.487,3.99,4.4,4.45,4.51,4.793,4.645,4.63,4.6,3.52,3.222,4.091583333333334,2022
171.0,XIII,171,GD Naidu Nagar South,3.656,4.234,4.77,5.322,5.54,5.33,5.62,5.916,5.9,6.0,4.66,4.247,5.099583333333334,2022
172.0,XIII,172,GD Naidu Nagar East,1.281,1.722,1.89,2.586,3.08,2.25,2.35,3.49,2.46,2.63,2.01,1.288,2.2530833333333335,2022
173.0,XIII,173,Raja Annamalaipuram,1.175,,1.79,0.0,2.07,1.79,1.938,1.854,1.78,1.63,1.07,1.213,1.4827272727272727,2022
174.0,XIII,174,Guindy East,1.419,1.519,1.67,1.83,1.55,,,1.463,,,,1.395,1.5494285714285714,2022
175.0,XIII,175,Adyar West,1.695,2.499,3.28,3.575,3.59,3.51,3.466,3.79,3.87,3.91,1.58,1.97,3.06125,2022
176.0,XIII,176,Adyar East,1.588,2.024,2.42,2.758,2.85,3.02,3.503,3.388,3.55,3.73,2.51,2.216,2.796416666666667,2022
177.0,XIII,177,Velachery,0.998,1.266,1.65,2.117,2.21,1.2,2.001,1.896,2.29,1.61,1.17,1.19,1.6331666666666669,2022
178.0,XIII,178,Velachery,0.584,0.658,0.81,0.734,0.74,0.68,2.022,0.69,0.68,0.65,0.6,0.524,0.781,2022
179.0,XIII,179,Velachery,2.218,2.439,2.82,2.981,2.98,2.12,0.856,2.407,2.44,2.26,2.06,1.902,2.29025,2022
180.0,XIII,180,Thiruvanmiyur West,,1.568,1.75,1.093,1.33,1.15,1.25,1.15,1.15,1.15,1.15,1.23,1.2700909090909092,2022
181.0,XIII,181,Thiruvanmiyur,1.212,1.534,1.89,1.99,2.01,2.03,2.564,2.33,2.42,2.62,1.74,1.62,1.9966666666666664,2022
182.0,XIII,182,Thiruvanmiyur,1.834,2.25,2.63,2.946,3.0,3.03,2.207,3.419,3.6,3.7,2.59,2.363,2.797416666666667,2022
,XIV,168,Ullagaram,3.551,4.408,5.25,6.292,6.51,6.14,6.48,5.88,6.17,6.17,3.06,3.063,5.247833333333333,2022
,XIV,169,Puzhuthivakkam,0.434,1.124,1.92,2.513,2.61,0.53,0.68,0.53,1.55,1.55,0.09,0.341,1.156,2022
183.0,XIV,183,Kottivakkam,2.804,2.88,3.38,3.349,3.34,2.79,3.966,4.037,4.02,3.5,3.42,2.868,3.362833333333334,2022
184.0,XIV,184,Perungudi,2.387,3.152,3.88,4.509,4.56,2.9,3.987,4.336,4.31,3.57,1.69,1.47,3.3959166666666665,2022
185.0,XIV,185,Palavakkam,3.203,3.779,4.04,4.261,4.39,4.28,3.684,4.21,4.39,4.29,3.41,3.519,3.9546666666666663,2022
186.0,XIV,186,Perungudi,5.767,8.017,9.73,10.709,10.97,11.88,1.56,12.27,12.27,12.27,10.18,8.595,9.518166666666666,2022
187.0,XIV,187,Madipakkam,0.287,0.778,1.32,2.155,2.13,2.13,4.253,3.21,3.27,3.07,1.47,0.535,2.0506666666666664,2022
188.0,XIV,188,Madipakkam,2.035,2.49,3.43,4.72,5.02,4.45,2.538,6.888,6.72,5.33,2.41,0.0,3.8359166666666673,2022
189.0,XIV,189,Pallikaranai,2.606,3.335,4.55,5.4,5.64,4.26,6.696,4.834,4.14,3.43,2.53,2.529,4.1625000000000005,2022
190.0,XIV,190,Pallikarania,2.081,2.5,3.52,4.819,5.09,4.72,5.24,5.557,5.17,4.62,2.03,2.13,3.956416666666667,2022
191.0,XIV,191,Jalladampettai,4.151,4.614,4.98,0.0,4.68,4.38,4.69,0.0,4.82,4.68,,3.08,3.6431818181818176,2022
192.0,XV,192,Neelankarai,3.784,4.375,4.82,5.282,5.28,5.14,5.581,5.806,6.05,5.64,5.86,4.074,5.140999999999999,2022
193.0,XV,193,Neelankarai,2.624,2.887,3.12,3.278,3.31,3.65,,3.643,3.81,4.92,3.2,3.268,3.428181818181818,2022
194.0,XV,194,Okkiyam Thuraipakkam,1.936,2.212,2.385,2.603,2.6,2.52,5.678,2.276,2.562,2.23,2.48,1.858,2.611666666666667,2022
195.0,XV,195,Okkiyam Thuraipakkam,1.737,1.888,1.93,2.033,2.03,1.63,2.476,1.56,1.62,1.46,1.58,1.18,1.7603333333333335,2022
196.0,XV,196,Injampakkam,5.456,5.828,6.13,6.511,6.56,6.65,6.718,6.72,6.77,6.77,6.77,5.699,6.381833333333333,2022
197.0,XV,197,Karapakkam,1.616,2.293,3.18,3.684,3.91,4.07,4.588,4.279,4.78,4.03,1.6,1.525,3.2962500000000006,2022
198.0,XV,198,Shozhinganallur,3.608,4.836,5.75,6.809,6.31,6.22,6.505,6.188,6.46,5.85,5.26,4.673,5.705749999999999,2022
199.0,XV,199,Uthandi,1.492,1.968,0.0,2.478,2.5,0.0,2.685,2.676,2.84,2.61,,1.591,1.8945454545454548,2022
200.0,XV,200,Semmenchery,2.133,2.818,3.27,4.042,3.82,4.06,4.703,4.556,4.16,4.19,2.58,2.416,3.5623333333333327,2022
1.0,I,1,Kathivakkam,1.48,1.52,1.462,1.5,1.53,1.554,1.688,1.599,1.61,1.53,1.29,1.38,1.5119166666666664,2023
2.0,I,2,Kathivakkam,3.26,3.293,3.31,3.36,3.36,3.382,3.416,3.459,3.47,3.48,3.35,3.268,3.3673333333333333,2023
3.0,I,3,Ernavoor,2.01,2.236,2.244,2.24,2.14,2.166,2.231,2.51,2.264,2.24,1.82,1.91,2.1675833333333334,2023
4.0,I,4,Sadaiyankuppam,3.67,3.745,3.661,3.66,3.65,3.638,3.808,4.01,3.646,3.67,3.27,3.125,3.629416666666667,2023
5.0,I,5,Kamadhenu Nagar,3.45,3.492,3.439,3.31,3.41,3.151,3.499,3.28,3.393,3.2,3.07,3.157,3.3209166666666667,2023
6.0,I,6,Murugappa Nagar,1.58,1.674,1.727,1.77,1.74,1.766,1.762,1.767,1.722,1.715,1.03,0.4,1.5544166666666666,2023
7.0,I,7,Raja Shanmugam Nagar,1.48,1.56,1.65,1.85,2.1,2.25,1.721,1.62,1.7,1.62,0.97,1.27,1.6492499999999997,2023
8.0,I,8,Gandhinagar,4.22,4.303,4.36,4.41,4.43,3.992,3.884,3.56,3.656,3.806,2.42,2.16,3.7667499999999996,2023
9.0,I,9,Amsa Thottam,6.37,6.7,6.7,6.95,7.1,6.952,7.121,6.969,6.869,7.007,6.18,6.05,6.747333333333334,2023
10.0,I,10,Chinna Mettupalaiyam,4.49,4.836,5.041,5.49,5.77,5.628,5.834,5.611,5.448,5.689,4.32,3.681,5.1531666666666665,2023
11.0,I,11,Ondikuppam,3.6,3.6,5.015,4.62,4.79,4.686,4.85,4.681,4.604,4.718,3.67,3.257,4.340916666666667,2023
12.0,I,12,Sathankadu,2.92,3.1,3.204,3.44,3.55,0.0,3.802,3.917,3.975,4.028,3.05,1.941,3.07725,2023
13.0,I,13,Thilagar Nagar,1.21,1.36,1.424,1.5,1.52,1.587,1.622,1.649,1.671,1.686,0.64,0.684,1.3794166666666667,2023
14.0,I,14,Kaladipettai,5.98,6.54,6.8,7.1,7.5,5.641,5.721,5.858,5.7,5.692,4.65,4.637,5.984916666666667,2023
15.0,I,15,Edayanchavadi,1.22,1.561,1.78,1.65,1.65,1.765,1.915,1.545,1.45,1.737,0.4,0.579,1.4376666666666662,2023
16.0,I,16,Sadayankuppam,1.1,1.55,1.437,1.08,1.48,1.338,1.544,1.225,1.313,1.02,0.16,0.259,1.1255000000000002,2023
17.0,I,17,Theeumpakkam,0.87,1.3,1.303,1.25,1.99,1.91,2.627,1.742,0.918,1.577,0.59,1.17,1.43725,2023
18.0,I,18,Manali,5.13,6.02,6.54,5.49,5.59,5.77,6.636,6.908,0.879,2.655,5.0,5.583,5.183416666666667,2023
19.0,I,19,Chinna Mathur,4.48,5.154,5.554,5.98,6.58,7.096,7.45,7.25,6.428,6.75,5.15,2.802,5.889500000000001,2023
20.0,I,20,Mathur,5.96,6.532,6.566,6.68,6.73,7.56,7.58,7.304,7.41,7.845,4.74,4.137,6.587,2023
21.0,I,21,Chinna Sekadu (Part),2.67,1.185,1.87,2.63,2.78,2.514,1.787,2.442,6.834,2.655,1.48,1.899,2.5621666666666667,2023
22.0,III,22,Kavankarai,3.69,5.096,2.902,3.33,3.48,3.125,3.593,3.581,3.249,3.327,1.59,3.414,3.3647500000000004,2023
23.0,III,23,Puzhal,7.64,8.501,7.724,8.55,8.59,8.19,9.78,7.47,6.213,7.127,3.42,6.094,7.441583333333331,2023
24.0,III,24,Surappattu,6.53,11.021,14.589,19.46,21.29,21.776,23.322,20.928,18.034,20.558,15.68,2.363,16.295916666666667,2023
25.0,III,25,Kathirvedu,7.47,11.704,13.248,15.67,16.24,16.54,18.882,16.58,16.12,16.93,11.63,2.95,13.663666666666666,2023
26.0,III,26,Madhavaram,5.31,9.582,10.425,13.02,14.63,13.822,14.615,12.787,9.665,11.689,7.68,2.631,10.488,2023
27.0,III,27,Milk Colony,3.03,4.041,5.125,5.59,6.5,7.301,7.649,7.555,6.486,7.213,3.94,1.66,5.5075,2023
28.0,III,28,Chinna Sekadu,1.7,2.063,2.32,3.28,3.29,3.58,4.515,4.15,4.0,3.38,1.95,1.44,2.9723333333333333,2023
29.0,III,29,Chinnandi Madam,3.25,1.867,1.608,1.68,1.78,1.934,1.845,1.771,1.65,1.55,0.17,0.656,1.6467500000000002,2023
30.0,III,30,Alex Nagar,3.0,3.206,3.575,4.64,5.63,5.78,6.499,6.2,6.35,10.29,10.3,10.32,6.315833333333333,2023
31.0,III,31,Moolakadai,11.4,3.78,4.556,5.83,6.51,6.643,7.257,6.774,6.18,6.591,3.08,2.019,5.885000000000001,2023
32.0,III,32,Kalpalaiyam,3.84,3.493,3.5,5.89,6.47,17.472,19.224,20.324,19.143,19.366,10.77,7.93,11.451833333333333,2023
33.0,III,33,Thatankulam,3.17,4.137,4.405,5.94,6.68,5.923,7.116,6.067,5.464,5.444,1.41,2.537,4.85775,2023
34.0,IV,34,Kodungaiyur (West),3.17,3.813,4.183,4.65,5.08,4.821,5.38,4.939,4.796,4.809,1.34,0.88,3.988416666666667,2023
35.0,IV,35,Thiruvalluvar Nagar,4.93,5.456,5.894,6.55,6.52,6.23,7.493,7.12,7.25,7.12,5.46,2.0,6.001916666666666,2023
36.0,IV,36,Perambur (East),4.93,,4.923,6.52,6.52,5.224,5.709,5.217,4.863,4.84,5.46,2.71,5.174181818181818,2023
37.0,IV,37,Kodungaiyur (East),2.9,3.275,2.911,3.03,3.23,2.695,3.18,2.594,2.399,2.422,1.27,2.21,2.6763333333333335,2023
38.0,IV,38,Dr.Radhakrishnan Nagar (North),2.66,2.761,2.763,2.79,2.98,2.783,2.963,2.793,2.737,2.828,2.16,2.18,2.6998333333333338,2023
39.0,IV,39,Cheriyan Nagar North / South,3.77,4.26,4.56,3.77,3.77,3.89,4.785,4.65,4.68,4.85,4.07,3.49,4.212083333333333,2023
40.0,IV,40,Jeeva Nagar (North),2.51,2.552,2.591,2.65,2.65,2.78,2.834,2.65,2.72,3.0,3.04,1.55,2.6272499999999996,2023
41.0,IV,41,Vyasarpadi North / Kumarasamy Nagar North,2.01,2.202,1.937,2.15,2.54,2.112,2.62,2.115,1.614,2.02,1.25,1.58,2.0124999999999997,2023
42.0,IV,42,Korukkupet,2.23,2.336,2.439,2.56,2.62,2.87,2.92,2.64,2.53,3.15,2.62,1.54,2.537916666666667,2023
43.0,IV,43,Tondiarpet,2.02,2.172,2.351,2.73,2.89,3.128,3.308,3.25,3.45,3.59,2.95,1.3,2.761583333333333,2023
44.0,IV,44,Perambur (North),8.39,8.729,8.827,9.13,9.27,9.145,9.337,9.103,8.64,8.458,6.72,4.6,8.362416666666666,2023
45.0,IV,45,Elango Nagar,5.09,5.204,5.317,5.51,5.55,5.87,5.755,5.62,0.0,5.74,4.19,1.28,4.593833333333333,2023
46.0,IV,46,Vyasarpadi (South),2.45,3.081,2.938,3.11,3.43,3.299,3.481,3.25,3.34,2.57,1.61,1.75,2.859083333333334,2023
47.0,IV,47,Dr.Radhakrishnan Nagar (South),1.81,2.012,2.099,2.23,2.51,2.072,2.503,2.222,1.749,2.028,1.09,1.46,1.982083333333333,2023
48.0,IV,48,Mottai Thottam,2.37,2.547,2.757,3.09,3.36,3.279,3.686,3.186,2.872,3.213,1.9,1.95,2.8508333333333336,2023
49.0,V,49,Grace Garden,2.92,3.229,3.334,4.01,4.32,4.197,4.633,4.571,4.359,4.667,3.4,1.95,3.799166666666667,2023
50.0,V,50,Royapuram,2.24,2.372,2.416,2.51,2.54,2.595,2.639,2.673,2.694,2.71,2.73,1.64,2.4799166666666665,2023
51.0,V,51,Narayana Garden / Old Washermenpet,2.97,3.363,3.699,3.83,4.09,4.152,4.436,4.12,4.261,4.425,3.41,2.15,3.7421666666666664,2023
52.0,V,52,Meenakshiammanpet,3.34,3.89,3.97,4.17,4.17,4.27,4.51,4.74,4.565,4.789,4.14,2.7,4.104500000000001,2023
53.0,V,53,Basin Bridge,24.83,,,24.83,24.83,24.98,25.61,24.61,23.5,,,,24.74142857142857,2023
54.0,V,54,Kondithope / Peddunaickenpet,3.9,4.07,4.303,4.28,4.66,4.158,4.809,4.454,0.0,4.257,3.06,3.2,3.7625833333333336,2023
55.0,V,55,Seven Wells (North / South),5.08,5.372,5.668,6.26,6.47,6.334,6.53,6.23,6.894,7.104,5.95,4.53,6.035166666666666,2023
56.0,V,56,Muthialpet,,10.292,10.275,,,10.58,11.23,10.25,10.308,10.341,10.12,10.02,10.379555555555555,2023
57.0,V,57,Sowcarpet,4.78,5.15,5.89,5.94,6.12,6.23,6.58,6.677,6.632,6.876,5.72,4.36,5.912916666666667,2023
58.0,V,58,Poonga Nagar,8.2,8.729,9.061,9.58,10.08,9.843,9.968,9.943,9.822,9.695,8.77,7.89,9.298416666666666,2023
59.0,V,59,Edapalayam / Nehru Nagar,6.36,6.897,7.2,7.36,7.68,7.214,7.702,7.52,7.66,7.19,4.94,5.52,6.936916666666666,2023
60.0,V,60,Vallal Seethakathi Nagar,4.02,4.032,4.034,4.06,4.05,4.15,4.36,4.102,4.123,4.139,4.15,4.07,4.1075,2023
61.0,V,61,Egmore / Pudupet,6.87,7.58,8.21,8.19,8.19,8.25,9.587,9.58,0.0,9.04,7.11,6.46,7.422249999999998,2023
62.0,V,62,Chintadripet,2.42,2.73,2.711,2.77,2.95,3.12,2.806,2.65,2.302,2.438,1.05,1.98,2.493916666666667,2023
63.0,V,63,Komaleeswaranpet,3.55,3.991,4.341,4.93,5.32,4.942,5.354,4.658,4.547,4.675,1.86,2.08,4.187333333333332,2023
64.0,VI,64,Kolathur,1.5,1.947,2.1,2.18,2.24,1.337,1.4,1.45,0.0,1.21,0.51,1.37,1.437,2023
65.0,VI,65,Venus Nagar,1.24,1.306,1.56,1.49,2.1,1.067,1.41,0.637,0.534,0.554,0.22,0.71,1.069,2023
66.0,VI,66,Agaram (North),1.93,2.435,2.063,2.5,3.05,2.238,3.068,2.391,2.022,2.06,0.59,1.52,2.155583333333333,2023
67.0,VI,67,Agaram (South),6.65,7.506,8.015,8.44,9.03,9.15,9.958,9.709,9.376,9.231,6.96,3.04,8.08875,2023
68.0,VI,68,Sembium,7.27,7.905,8.058,8.45,8.45,8.196,8.902,8.504,7.668,7.603,3.48,2.12,7.217166666666667,2023
69.0,VI,69,Siruvallur,,0.0,0.0,0.0,0.0,0.0,0.0,,0.0,0.0,0.0,,0.0,2023
70.0,VI,70,Perambur (South),13.59,13.517,13.453,13.61,13.62,13.389,13.669,13.646,13.175,12.97,11.13,7.54,12.77575,2023
71.0,VI,71,Thiru Vi Ka Nagar,12.96,13.147,13.366,13.48,13.55,13.569,13.183,12.944,12.722,12.365,11.44,9.18,12.658833333333334,2023
72.0,VI,72,Dr Sathiyavanimuthu Nagar,2.12,2.89,3.25,3.41,3.83,3.361,3.62,3.329,2.786,2.814,1.3,1.44,2.845833333333333,2023
73.0,VI,73,Pulianthope,7.49,8.155,8.765,9.67,5.95,9.327,9.552,9.476,8.955,8.64,5.8,4.76,8.045,2023
74.0,VI,74,Maraimalai Adikal Nagar,8.8,8.589,8.342,8.23,8.26,8.085,8.08,7.926,7.983,7.828,6.69,3.51,7.693583333333335,2023
75.0,VI,75,Kosappet,3.74,4.476,5.245,6.4,7.05,6.341,7.321,7.328,6.792,6.87,3.32,1.41,5.524416666666666,2023
76.0,VI,76,Pattalam SC (G),14.55,14.98,14.86,14.55,14.55,14.68,15.69,14.65,14.66,14.55,14.55,,14.751818181818182,2023
77.0,VI,77,Dr. Besant Nagar/ Thattankulam,6.63,7.25,7.98,9.2,9.47,8.827,9.266,9.255,8.689,8.463,4.81,3.85,7.8075,2023
78.0,VI,78,Choolai,,8.609,8.89,7.99,10.25,9.87,10.198,10.167,9.562,9.731,5.55,6.09,8.809727272727272,2023
79.0,VII,79,Banu Nagar,3.13,3.58,3.89,11.36,12.9,13.448,16.407,13.537,12.381,13.922,8.95,5.24,9.895416666666668,2023
80.0,VII,80,Athimulam Nagar,4.4,7.274,8.084,10.14,11.41,12.001,13.912,12.378,11.148,12.293,7.69,1.71,9.37,2023
81.0,VII,81,Vijayalakshmipuram,4.2,4.89,4.98,3.69,4.83,16.018,17.769,16.814,15.351,15.846,1.58,6.3,9.355666666666666,2023
82.0,VII,82,Kallikuppam,4.27,4.98,7.253,10.54,11.67,11.52,11.98,10.65,9.139,10.047,8.14,1.65,8.486583333333334,2023
83.0,VII,83,Puthagaram,0.29,0.332,0.365,0.47,0.61,0.243,0.195,0.2,0.17,0.19,0.53,1.6,0.43291666666666667,2023
84.0,VII,84,Korattur,2.5,2.854,2.824,2.88,3.08,2.649,2.843,2.242,1.859,1.935,1.41,1.46,2.378,2023
85.0,VII,85,Menambedu,6.78,7.926,8.989,10.86,11.58,11.385,12.962,12.25,10.112,10.695,7.58,4.43,9.629083333333332,2023
86.0,VII,86,Ayyappakkam,3.57,4.663,5.403,6.08,6.59,6.58,7.217,6.67,6.227,6.27,4.34,2.43,5.503333333333334,2023
87.0,VII,87,Mathiyalagan Nagar,4.49,4.904,4.519,4.71,4.97,4.301,4.975,3.849,3.601,3.694,1.69,3.44,4.095249999999999,2023
88.0,VII,88,Villivakkam / Anna Nagar West,6.3,6.771,6.196,6.48,6.9,6.58,6.994,6.75,5.722,6.104,3.54,4.89,6.1022500000000015,2023
89.0,VII,89,Anna Nagar West Extension,2.86,3.107,3.03,3.29,2.97,2.733,3.138,2.578,2.436,2.691,1.96,2.33,2.7602500000000005,2023
90.0,VII,90,Padikuppam,3.19,3.771,3.817,3.49,3.94,3.368,3.962,3.58,3.001,3.955,1.57,2.52,3.347,2023
91.0,VII,91,Nolambur (Part) / Mugappair Eri Scheme,8.28,9.15,8.672,9.07,9.44,8.938,9.56,8.304,7.951,7.925,6.41,7.55,8.437499999999998,2023
92.0,VII,92,Padi Pudhu nagar,4.16,4.184,4.067,3.82,4.3,3.494,3.971,3.073,3.363,3.089,2.16,3.3,3.5817499999999995,2023
93.0,VII,93,Maduravoyal (Part) / Nerkundram (Part),2.8,3.68,2.732,2.62,2.68,2.487,2.866,2.338,2.385,2.295,1.85,2.56,2.6077500000000002,2023
94.0,VIII,94,Villivakkam North,1.82,2.021,1.881,2.9,3.37,3.24,3.56,4.608,2.836,2.586,1.5,1.25,2.631,2023
95.0,VIII,95,Vasantham Colony,5.6,5.698,5.582,5.88,5.96,5.85,6.885,5.665,5.78,5.981,1.9,2.33,5.25925,2023
96.0,VIII,96,Viduthalai Gurusamy Nagar South,4.5,3.873,4.329,5.17,5.49,5.65,5.514,4.932,4.276,4.17,3.02,3.16,4.507000000000001,2023
97.0,VIII,97,Ayanavaram,1.41,1.946,1.945,2.65,2.99,3.01,2.622,1.784,0.976,0.971,0.4,0.42,1.7603333333333333,2023
98.0,VIII,98,Pannerselvam Nagar,0.02,1.002,1.25,4.49,4.61,4.465,4.569,4.26,3.963,3.976,2.38,2.88,3.1554166666666674,2023
99.0,VIII,99,Villivakkam South,7.54,8.128,7.268,7.94,8.35,8.75,8.59,7.228,6.714,7.102,2.82,5.9,7.194166666666667,2023
100.0,VIII,100,Anna Nagar (West),6.7,7.643,7.794,8.51,9.03,8.626,9.661,8.366,8.001,8.194,4.87,5.23,7.718750000000001,2023
101.0,VIII,101,Anna Nagar (Central),2.26,2.999,2.58,2.83,2.93,3.21,3.199,2.498,2.497,2.843,1.56,2.77,2.6813333333333333,2023
102.0,VIII,102,Anna Nagar (East),0.79,2.579,2.46,2.75,2.86,2.5,2.833,2.376,2.45,2.101,1.07,1.82,2.21575,2023
103.0,VIII,103,Shenoy Nagar,0.79,1.144,1.229,1.6,1.73,1.803,1.765,1.722,1.408,1.299,0.09,5.03,1.6341666666666665,2023
104.0,VIII,104,Purasawalkam,2.87,3.727,4.177,4.56,4.96,4.897,5.402,4.8,5.302,5.293,4.1,1.5,4.2989999999999995,2023
105.0,VIII,105,Aminjikarai West,3.86,4.65,4.09,5.17,5.74,5.331,6.46,4.504,3.88,4.536,3.3,2.88,4.533416666666667,2023
106.0,VIII,106,Aminjikarai East,3.08,3.376,2.966,3.1,4.16,3.45,4.193,2.756,2.772,3.012,1.25,1.98,3.0079166666666666,2023
107.0,VIII,107,Chetpet / Kilpauk South,4.69,5.042,5.241,5.68,5.88,5.834,6.083,5.904,5.626,5.66,4.19,2.94,5.230833333333333,2023
108.0,VIII,108,Aminjikarai Central,4.69,2.201,1.615,5.68,5.88,2.101,2.618,1.38,1.323,1.368,1.08,1.23,2.597166666666667,2023
109.0,IX,109,Periyar Nagar North,4.07,4.532,4.887,5.47,5.84,5.79,6.181,5.426,5.269,5.495,4.2,2.56,4.976666666666667,2023
110.0,IX,110,Nungambakkam,6.87,7.58,8.18,9.12,9.39,9.246,9.264,8.229,8.54,7.411,5.8,5.3,7.910833333333334,2023
111.0,IX,111,Thousand Lights,11.15,11.933,12.256,13.21,13.45,13.541,13.917,13.758,13.968,13.698,12.67,10.42,12.830916666666665,2023
112.0,IX,112,Vadapalani East,4.73,5.618,5.54,6.17,6.41,7.233,7.219,7.15,7.3,5.666,3.84,5.42,6.0246666666666675,2023
113.0,IX,113,Nakkeerar Nagar,5.79,6.54,6.963,7.67,8.09,8.027,8.393,7.98,8.12,7.008,3.86,3.59,6.835916666666666,2023
114.0,IX,114,Chepauk,4.05,4.669,4.982,5.51,5.86,5.441,5.886,5.219,4.894,5.111,2.57,3.01,4.766833333333333,2023
115.0,IX,115,Amir mahal,4.01,5.175,5.298,5.98,6.24,6.54,7.21,5.835,5.4,5.524,2.28,2.81,5.191833333333334,2023
116.0,IX,116,Thiruvallikeni,3.83,4.008,4.426,4.9,4.93,4.693,5.173,4.669,4.68,4.469,2.75,4.74,4.439,2023
117.0,IX,117,Sathiyamoorthi Nagar,8.24,10.09,9.502,9.74,9.77,9.68,10.23,8.501,8.252,8.059,6.6,6.12,8.732,2023
118.0,IX,118,Teynampet,6.88,7.65,8.038,8.46,9.2,8.724,9.608,8.738,8.279,8.641,5.66,1.15,7.5856666666666674,2023
119.0,IX,119,Azad Nagar North / South,6.1,6.707,7.102,7.57,7.9,7.809,7.894,7.004,6.186,6.731,3.69,4.46,6.596083333333332,2023
120.0,IX,120,Krishnampet,,3.841,3.839,4.2,4.34,4.086,4.264,4.12,4.17,6.771,0.87,2.05,3.8682727272727266,2023
121.0,IX,121,Vivekanandhapuram,2.18,2.459,2.657,2.75,2.85,2.082,2.568,2.31,2.22,3.629,0.59,1.55,2.320416666666667,2023
122.0,IX,122,Alwarpet (South),10.36,11.595,12.382,13.6,14.26,13.955,14.633,14.439,12.262,12.66,11.06,9.96,12.597166666666666,2023
123.0,IX,123,Bhemmannapet,5.96,6.715,6.215,7.03,7.69,6.411,14.594,5.499,5.195,5.379,2.72,5.3,6.559,2023
124.0,IX,124,Mylapore,3.8,6.182,4.313,4.62,4.8,4.31,4.68,3.427,3.249,3.392,2.23,2.48,3.9569166666666664,2023
125.0,IX,125,Santhome,0.65,0.927,0.977,1.37,1.87,1.92,2.05,1.248,1.251,1.313,0.47,0.99,1.2530000000000001,2023
126.0,IX,126,Avvai Nagar North,4.58,5.15,4.948,5.05,5.19,4.812,4.639,4.296,4.141,4.486,3.54,4.0,4.569333333333334,2023
127.0,X,127,Virugambakkam North,12.57,14.077,13.951,14.14,15.8,15.193,15.463,13.988,13.941,14.068,10.89,11.12,13.766750000000002,2023
128.0,X,128,Virugambakkam South,2.53,2.863,2.376,2.74,3.02,2.668,3.092,2.319,2.206,2.383,1.32,1.34,2.40475,2023
129.0,X,129,Saligramam,,1.867,1.234,1.62,2.05,1.384,1.842,0.979,1.25,1.179,0.37,1.17,1.3586363636363634,2023
130.0,X,130,Vadapalani West,3.94,4.38,4.686,5.44,5.92,5.902,6.174,5.423,4.52,5.141,2.64,3.39,4.796333333333334,2023
131.0,X,131,Kodambakkam North,1.69,1.869,1.508,1.93,2.15,1.73,1.754,1.051,1.01,1.133,0.26,1.16,1.4370833333333335,2023
132.0,X,132,Ashok Nagar,3.37,4.089,3.033,4.72,5.17,3.772,3.89,2.226,2.226,2.86,1.27,2.63,3.271333333333334,2023
133.0,X,133,MGR Nagar,4.54,4.973,5.091,5.45,5.77,5.804,6.23,4.934,4.157,4.708,3.41,3.6,4.888916666666666,2023
134.0,X,134,Navalar Nedunchezian Nagar East,3.37,3.879,3.811,4.54,4.75,4.262,4.86,3.305,2.8,2.917,1.7,4.87,3.755333333333333,2023
135.0,X,135,Kamarajar Nagar South / East,3.56,5.185,5.092,5.6,6.73,5.161,6.23,2.748,2.79,3.685,0.04,3.28,4.175083333333333,2023
136.0,X,136,Thiyagaraya Nagar,4.81,5.68,6.194,6.31,6.99,5.405,6.23,4.377,4.206,4.632,1.58,3.96,5.031166666666667,2023
137.0,X,137,Kodambakkam (S),1.81,2.581,1.715,2.01,2.2,1.803,1.924,1.227,1.113,1.46,0.57,1.45,1.6552499999999999,2023
138.0,X,138,Kalaignar Karunanidhi Nagar,15.88,16.508,15.925,16.34,17.56,14.205,14.96,12.043,10.626,12.616,8.96,10.55,13.847750000000003,2023
139.0,X,139,Saidapet (West),2.35,2.828,2.399,3.52,4.28,3.258,3.87,1.487,1.188,1.465,0.16,1.43,2.3529166666666668,2023
140.0,X,140,Kumaran Nagar North / South,3.7,4.116,4.413,4.68,5.08,4.598,4.831,3.686,3.159,3.662,2.03,2.2,3.84625,2023
141.0,X,141,VOC Nagar,10.75,11.358,11.496,11.94,12.19,12.099,12.248,11.712,11.413,11.747,9.52,9.41,11.323583333333334,2023
142.0,X,142,Saidapet East,6.29,6.637,6.936,7.49,7.74,7.8,7.677,7.263,6.758,6.675,5.92,4.61,6.816333333333333,2023
143.0,XI,143,Nolambur,2.48,2.586,2.5,2.92,3.01,3.21,3.52,3.21,1.498,1.017,0.9,1.09,2.3284166666666666,2023
144.0,XI,144,Mettukuppam,8.65,9.26,9.86,5.02,5.48,5.118,5.603,4.219,4.064,4.454,2.34,2.38,5.537333333333333,2023
145.0,XI,145,Nerkundram,3.59,4.41,4.34,4.91,4.98,4.928,5.275,4.108,3.534,3.97,0.53,2.06,3.88625,2023
146.0,XI,146,Nerkundram,1.81,2.366,2.49,3.25,3.48,3.4,3.86,3.68,2.867,3.222,0.7,0.8,2.660416666666667,2023
147.0,XI,147,Maduravoyal,1.17,1.854,2.076,2.7,2.7,2.476,3.059,1.742,1.428,1.883,0.77,0.97,1.9023333333333332,2023
148.0,XI,148,Nerkundram,2.09,2.688,2.189,3.0,3.5,3.13,3.54,2.156,1.853,1.908,0.38,0.8,2.2695000000000003,2023
149.0,XI,149,Valasaravakkam,2.59,2.996,2.455,3.13,3.32,3.125,3.443,3.25,2.355,2.479,0.64,1.67,2.621083333333333,2023
150.0,XI,150,Karambakkam,1.54,2.057,2.015,2.53,2.64,2.253,2.67,1.469,1.367,1.246,0.23,0.56,1.7147499999999998,2023
151.0,XI,151,Porur,2.61,3.052,3.119,3.79,3.93,3.744,3.81,3.084,2.96,3.314,2.4,1.87,3.14025,2023
152.0,XI,152,Valasaravakkam,2.8,3.051,3.039,3.44,3.79,3.687,3.908,3.11,2.736,2.801,2.23,1.72,3.026,2023
153.0,XI,153,Porur,3.25,3.589,3.408,4.3,4.56,4.45,4.26,4.15,4.32,3.6,2.94,3.79,3.8847500000000004,2023
154.0,XI,154,Ramapuram,2.79,3.393,3.069,3.74,3.87,3.27,4.15,3.25,2.792,3.285,1.82,2.01,3.119916666666667,2023
155.0,XI,155,Ramapuram,3.16,3.537,3.564,4.27,4.04,4.309,4.591,3.87,3.628,3.852,2.88,2.24,3.66175,2023
156.0,XII,156,Mugalivakkam,13.08,13.96,14.25,13.08,13.08,4.428,4.86,4.78,4.88,,,,9.599777777777778,2023
157.0,XII,157,Manapakkam,2.82,3.745,3.702,5.01,5.61,4.384,5.233,5.14,5.22,3.62,2.36,2.84,4.140333333333333,2023
158.0,XII,158,Nandambakkam,4.78,5.945,5.676,7.22,7.96,6.815,7.637,6.85,4.681,5.863,2.76,3.36,5.795583333333333,2023
159.0,XII,159,Meenampakkam,3.25,3.418,3.196,4.02,4.54,3.761,5.076,4.68,2.95,4.043,1.46,2.47,3.5720000000000005,2023
160.0,XII,160,Alandur,3.13,5.056,3.845,5.19,6.59,6.71,4.255,1.064,0.8,1.751,0.25,1.24,3.3234166666666667,2023
161.0,XII,161,Alandur Part / Adampakkam Part,2.78,2.533,2.84,2.49,4.52,2.45,2.381,2.499,2.421,2.06,1.76,2.75,2.623666666666667,2023
162.0,XII,162,T.G.Nagar / Nanganallur Part,2.94,3.298,2.776,3.38,4.08,2.618,2.903,2.166,2.307,2.683,1.68,2.59,2.7850833333333327,2023
163.0,XII,163,Adampakkam Part,2.31,2.611,2.208,3.19,4.18,2.251,2.775,1.712,1.6,2.681,1.3,2.08,2.408166666666667,2023
164.0,XII,164,Nanganallur Part / Pazhavanthangal Part,3.98,4.086,3.885,4.49,4.83,3.433,3.757,1.845,2.686,3.584,1.21,3.41,3.433000000000001,2023
165.0,XII,165,Adampakkam Part / Balaji Nagar,3.66,4.111,4.52,3.55,4.29,3.33,3.765,2.805,3.006,3.615,1.87,3.34,3.4884999999999997,2023
166.0,XII,166,B.V.Nagar / Nanganallur Part,2.15,2.258,2.265,2.13,2.54,1.98,1.992,1.722,1.798,2.101,1.45,2.05,2.0363333333333333,2023
167.0,XII,167,Nanganallur,3.16,3.402,3.56,2.78,3.37,2.193,2.328,1.874,2.087,2.306,1.36,2.05,2.539166666666667,2023
170.0,XIII,170,Guindy West,4.06,4.425,4.541,5.03,5.28,3.113,5.303,4.779,4.294,4.329,3.57,3.38,4.3420000000000005,2023
171.0,XIII,171,GD Naidu Nagar South,4.84,1.972,5.396,5.9,6.19,1.679,6.168,5.98,5.019,5.213,4.17,3.31,4.653083333333334,2023
172.0,XIII,172,GD Naidu Nagar East,1.96,1.513,3.648,3.03,3.41,1.493,3.78,3.25,1.974,2.264,0.54,1.69,2.3793333333333333,2023
173.0,XIII,173,Raja Annamalaipuram,1.69,3.364,2.076,2.18,2.33,3.69,1.785,1.504,1.299,1.611,0.28,1.36,1.93075,2023
174.0,XIII,174,Guindy East,,2.84,1.696,2.54,2.65,3.456,1.665,1.221,1.308,1.528,1.3,1.36,1.9603636363636363,2023
175.0,XIII,175,Adyar West,2.53,2.438,3.702,4.48,4.71,1.338,3.424,1.985,1.259,2.248,1.05,1.68,2.5703333333333336,2023
176.0,XIII,176,Adyar East,2.56,0.853,3.089,3.59,3.84,0.571,3.489,3.067,1.59,3.17,2.17,1.3,2.44075,2023
177.0,XIII,177,Velachery,1.92,2.824,1.627,2.44,2.38,2.47,3.56,0.787,2.948,1.764,0.04,1.6,2.03,2023
178.0,XIII,178,Velachery,0.74,0.862,0.502,0.61,0.86,0.92,0.873,0.506,1.091,0.712,0.15,0.73,0.713,2023
179.0,XIII,179,Velachery,2.47,2.371,2.219,2.51,2.72,2.74,2.56,1.713,0.637,2.39,0.75,2.56,2.1366666666666667,2023
180.0,XIII,180,Thiruvanmiyur West,1.15,3.187,3.25,1.15,1.15,3.474,3.89,3.58,3.65,1.15,1.15,,2.4346363636363635,2023
181.0,XIII,181,Thiruvanmiyur,,4.929,2.418,2.72,2.8,4.988,2.376,2.073,2.063,2.204,1.43,1.12,2.6473636363636364,2023
182.0,XIII,182,Thiruvanmiyur,2.86,3.181,3.341,3.77,3.89,0.205,4.01,3.86,2.848,3.07,2.15,1.46,2.8870833333333334,2023
,XIV,168,Ullagaram,4.19,3.467,4.677,5.63,6.2,5.078,5.354,5.01,2.9,3.745,1.68,2.88,4.23425,2023
,XIV,169,Puzhuthivakkam,0.74,1.52,1.86,2.05,2.54,2.83,2.98,2.38,2.42,0.358,0.38,0.3,1.6965000000000001,2023
183.0,XIV,183,Kottivakkam,3.42,4.105,3.372,3.78,3.98,2.775,3.425,3.349,3.467,4.079,2.82,3.39,3.496833333333333,2023
184.0,XIV,184,Perungudi,2.71,3.84,3.18,3.5,4.22,2.177,2.933,2.14,1.516,2.263,0.51,1.73,2.5599166666666666,2023
185.0,XIV,185,Palavakkam,3.9,3.527,3.954,4.27,4.44,3.771,3.884,3.599,3.364,3.595,2.84,2.8,3.661999999999999,2023
186.0,XIV,186,Perungudi,9.91,11.006,11.42,12.15,12.57,12.004,11.893,11.365,10.321,10.061,6.15,5.89,10.395000000000001,2023
187.0,XIV,187,Madipakkam,0.84,1.322,1.429,1.86,2.38,1.836,2.129,0.901,0.797,1.074,0.22,0.49,1.2731666666666668,2023
188.0,XIV,188,Madipakkam,1.63,4.107,4.405,3.32,4.24,2.548,2.664,1.586,1.642,1.89,0.98,1.73,2.5618333333333334,2023
189.0,XIV,189,Pallikaranai,3.58,4.504,4.987,3.87,4.93,1.119,0.786,0.178,0.096,0.69,0.33,0.5,2.1308333333333334,2023
190.0,XIV,190,Pallikarania,2.2,2.94,2.857,3.34,3.92,3.233,3.25,2.204,1.828,2.348,1.16,2.22,2.625,2023
191.0,XIV,191,Jalladampettai,,4.436,4.89,5.21,5.54,5.6,3.975,2.624,2.168,3.838,1.78,3.2,3.932818181818182,2023
192.0,XV,192,Neelankarai,4.5,5.26,5.194,5.24,5.68,5.469,5.571,5.184,5.35,5.022,3.98,,5.131818181818182,2023
193.0,XV,193,Neelankarai,2.47,2.464,2.453,2.44,2.63,2.085,2.178,2.114,1.802,2.123,1.49,1.68,2.1607499999999997,2023
194.0,XV,194,Okkiyam Thuraipakkam,1.92,2.481,2.438,2.68,2.75,2.179,2.239,1.903,2.35,1.978,1.44,1.9,2.188166666666667,2023
195.0,XV,195,Okkiyam Thuraipakkam,1.84,1.903,1.832,2.5,1.81,1.615,1.701,1.78,1.352,1.68,1.28,1.55,1.7369166666666667,2023
196.0,XV,196,Injampakkam,5.98,6.234,6.433,6.75,6.85,6.801,6.636,6.389,5.944,6.053,5.63,4.8,6.208333333333333,2023
197.0,XV,197,Karapakkam,2.89,3.666,4.119,4.6,5.85,6.067,5.5,5.12,5.22,3.4,1.6,1.22,4.104333333333333,2023
198.0,XV,198,Shozhinganallur,5.55,6.682,6.276,7.1,7.3,6.486,6.872,5.851,5.204,5.386,4.38,3.97,5.9214166666666666,2023
199.0,XV,199,Uthandi,2.01,2.384,2.581,3.18,3.58,0.0,1.492,1.14,1.22,1.52,1.2,,1.846090909090909,2023
200.0,XV,200,Semmenchery,3.17,3.38,3.722,4.05,5.18,4.907,5.827,5.078,2.96,5.052,2.55,1.66,3.9613333333333327,2023
1.0,I,1,Kathivakkam,1.38,1.43,1.48,,,,,,,,,,1.4299999999999997,2024
2.0,I,2,Kathivakkam,3.31,3.34,3.38,,,,,,,,,,3.3433333333333337,2024
3.0,I,3,Ernavoor,1.93,2.15,2.23,,,,,,,,,,2.1033333333333335,2024
4.0,I,4,Sadaiyankuppam,3.05,3.51,3.69,,,,,,,,,,3.4166666666666665,2024
5.0,I,5,Kamadhenu Nagar,3.31,3.65,3.76,,,,,,,,,,3.573333333333333,2024
6.0,I,6,Murugappa Nagar,0.21,0.27,0.45,,,,,,,,,,0.31,2024
7.0,I,7,Raja Shanmugam Nagar,1.42,1.6,1.77,,,,,,,,,,1.5966666666666667,2024
8.0,I,8,Gandhinagar,3.0,3.48,3.81,,,,,,,,,,3.43,2024
9.0,I,9,Amsa Thottam,6.26,6.47,6.72,,,,,,,,,,6.483333333333333,2024
10.0,I,10,Chinna Mettupalaiyam,4.1,4.52,5.01,,,,,,,,,,4.543333333333333,2024
11.0,I,11,Ondikuppam,3.57,3.91,4.26,,,,,,,,,,3.9133333333333336,2024
12.0,I,12,Sathankadu,2.2,2.46,5.01,,,,,,,,,,3.223333333333333,2024
13.0,I,13,Thilagar Nagar,0.83,0.99,1.12,,,,,,,,,,0.98,2024
14.0,I,14,Kaladipettai,4.09,5.18,5.46,,,,,,,,,,4.91,2024
15.0,I,15,Edayanchavadi,0.86,1.21,1.65,,,,,,,,,,1.24,2024
16.0,I,16,Sadayankuppam,0.44,0.8,1.14,,,,,,,,,,0.7933333333333333,2024
17.0,I,17,Theeumpakkam,1.59,2.11,2.91,,,,,,,,,,2.2033333333333336,2024
18.0,I,18,Manali,6.0,6.65,6.89,,,,,,,,,,6.513333333333333,2024
19.0,I,19,Chinna Mathur,4.38,5.45,6.47,,,,,,,,,,5.433333333333334,2024
20.0,I,20,Mathur,5.26,5.71,7.07,,,,,,,,,,6.013333333333333,2024
21.0,I,21,Chinna Sekadu (Part),2.15,2.79,3.14,,,,,,,,,,2.6933333333333334,2024
22.0,III,22,Kavankarai,4.05,4.64,5.62,,,,,,,,,,4.77,2024
23.0,III,23,Puzhal,7.26,9.16,9.35,,,,,,,,,,8.590000000000002,2024
24.0,III,24,Surappattu,4.01,6.68,15.0,,,,,,,,,,8.563333333333333,2024
25.0,III,25,Kathirvedu,4.19,6.28,13.47,,,,,,,,,,7.98,2024
26.0,III,26,Madhavaram,4.25,8.25,12.74,,,,,,,,,,8.413333333333334,2024
27.0,III,27,Milk Colony,2.32,3.52,5.03,,,,,,,,,,3.6233333333333335,2024
28.0,III,28,Chinna Sekadu,1.55,2.71,2.55,,,,,,,,,,2.27,2024
29.0,III,29,Chinnandi Madam,0.96,1.32,2.21,,,,,,,,,,1.4966666666666668,2024
30.0,III,30,Alex Nagar,10.32,10.31,10.29,,,,,,,,,,10.306666666666667,2024
31.0,III,31,Moolakadai,2.6,3.27,4.17,,,,,,,,,,3.3466666666666662,2024
32.0,III,32,Kalpalaiyam,9.71,10.98,16.02,,,,,,,,,,12.236666666666666,2024
33.0,III,33,Thatankulam,3.6,4.14,5.48,,,,,,,,,,4.406666666666667,2024
34.0,IV,34,Kodungaiyur (West),1.77,2.58,3.42,,,,,,,,,,2.59,2024
35.0,IV,35,Thiruvalluvar Nagar,3.11,4.79,6.12,,,,,,,,,,4.673333333333333,2024
36.0,IV,36,Perambur (East),3.41,4.79,6.12,,,,,,,,,,4.773333333333333,2024
37.0,IV,37,Kodungaiyur (East),2.45,2.67,3.13,,,,,,,,,,2.75,2024
38.0,IV,38,Dr.Radhakrishnan Nagar (North),2.42,2.67,2.86,,,,,,,,,,2.65,2024
39.0,IV,39,Cheriyan Nagar North / South,3.69,3.99,4.3,,,,,,,,,,3.9933333333333336,2024
40.0,IV,40,Jeeva Nagar (North),1.62,1.7,1.17,,,,,,,,,,1.4966666666666668,2024
41.0,IV,41,Vyasarpadi North / Kumarasamy Nagar North,1.74,2.1,2.17,,,,,,,,,,2.0033333333333334,2024
42.0,IV,42,Korukkupet,2.01,2.45,2.87,,,,,,,,,,2.4433333333333334,2024
43.0,IV,43,Tondiarpet,1.61,1.93,2.27,,,,,,,,,,1.9366666666666668,2024
44.0,IV,44,Perambur (North),4.9,5.23,5.67,,,,,,,,,,5.266666666666667,2024
45.0,IV,45,Elango Nagar,1.66,2.03,2.43,,,,,,,,,,2.0399999999999996,2024
46.0,IV,46,Vyasarpadi (South),2.19,2.64,2.82,,,,,,,,,,2.5500000000000003,2024
47.0,IV,47,Dr.Radhakrishnan Nagar (South),1.84,2.16,2.34,,,,,,,,,,2.1133333333333333,2024
48.0,IV,48,Mottai Thottam,2.22,2.82,3.06,,,,,,,,,,2.6999999999999997,2024
49.0,V,49,Grace Garden,2.23,2.73,3.22,,,,,,,,,,2.7266666666666666,2024
50.0,V,50,Royapuram,1.8,1.93,2.01,,,,,,,,,,1.9133333333333333,2024
51.0,V,51,Narayana Garden / Old Washermenpet,2.86,3.28,3.8,,,,,,,,,,3.313333333333333,2024
52.0,V,52,Meenakshiammanpet,3.02,3.41,3.89,,,,,,,,,,3.44,2024
53.0,V,53,Basin Bridge,,,,,,,,,,,,,,2024
54.0,V,54,Kondithope / Peddunaickenpet,3.49,3.89,4.14,,,,,,,,,,3.84,2024
55.0,V,55,Seven Wells (North / South),4.91,5.37,5.88,,,,,,,,,,5.386666666666667,2024
56.0,V,56,Muthialpet,10.0,9.96,10.01,,,,,,,,,,9.99,2024
57.0,V,57,Sowcarpet,4.7,5.21,5.79,,,,,,,,,,5.233333333333333,2024
58.0,V,58,Poonga Nagar,8.43,9.29,9.95,,,,,,,,,,9.223333333333333,2024
59.0,V,59,Edapalayam / Nehru Nagar,6.35,7.14,7.66,,,,,,,,,,7.05,2024
60.0,V,60,Vallal Seethakathi Nagar,4.04,4.04,4.09,,,,,,,,,,4.056666666666667,2024
61.0,V,61,Egmore / Pudupet,6.87,7.78,9.03,,,,,,,,,,7.8933333333333335,2024
62.0,V,62,Chintadripet,2.4,2.73,3.15,,,,,,,,,,2.76,2024
63.0,V,63,Komaleeswaranpet,3.23,4.24,5.0,,,,,,,,,,4.156666666666667,2024
64.0,VI,64,Kolathur,1.85,2.2,2.55,,,,,,,,,,2.2,2024
65.0,VI,65,Venus Nagar,0.98,1.3,1.62,,,,,,,,,,1.3,2024
66.0,VI,66,Agaram (North),2.14,2.43,3.0,,,,,,,,,,2.5233333333333334,2024
67.0,VI,67,Agaram (South),4.05,5.13,6.1,,,,,,,,,,5.093333333333333,2024
68.0,VI,68,Sembium,2.93,4.17,5.71,,,,,,,,,,4.27,2024
69.0,VI,69,Siruvallur,,,,,,,,,,,,,,2024
70.0,VI,70,Perambur (South),7.71,8.37,9.27,,,,,,,,,,8.45,2024
71.0,VI,71,Thiru Vi Ka Nagar,9.87,8.91,9.01,,,,,,,,,,9.263333333333334,2024
72.0,VI,72,Dr Sathiyavanimuthu Nagar,2.0,2.52,3.03,,,,,,,,,,2.516666666666666,2024
73.0,VI,73,Pulianthope,6.17,7.23,8.41,,,,,,,,,,7.2700000000000005,2024
74.0,VI,74,Maraimalai Adikal Nagar,4.36,5.23,6.13,,,,,,,,,,5.239999999999999,2024
75.0,VI,75,Kosappet,1.86,3.8,5.01,,,,,,,,,,3.5566666666666666,2024
76.0,VI,76,Pattalam SC (G),,,,,,,,,,,,,,2024
77.0,VI,77,Dr. Besant Nagar/ Thattankulam,5.43,6.8,9.78,,,,,,,,,,7.336666666666666,2024
78.0,VI,78,Choolai,7.25,8.3,9.25,,,,,,,,,,8.266666666666667,2024
79.0,VII,79,Banu Nagar,6.9,7.8,13.48,,,,,,,,,,9.393333333333333,2024
80.0,VII,80,Athimulam Nagar,2.95,4.16,9.27,,,,,,,,,,5.46,2024
81.0,VII,81,Vijayalakshmipuram,3.18,4.21,2.47,,,,,,,,,,3.286666666666667,2024
82.0,VII,82,Kallikuppam,4.3,6.66,10.51,,,,,,,,,,7.156666666666666,2024
83.0,VII,83,Puthagaram,2.47,1.77,1.81,,,,,,,,,,2.016666666666667,2024
84.0,VII,84,Korattur,1.93,2.32,2.74,,,,,,,,,,2.33,2024
85.0,VII,85,Menambedu,6.09,7.068,8.8,,,,,,,,,,7.319333333333333,2024
86.0,VII,86,Ayyappakkam,2.9,3.56,4.08,,,,,,,,,,3.513333333333333,2024
87.0,VII,87,Mathiyalagan Nagar,3.9,4.73,4.87,,,,,,,,,,4.5,2024
88.0,VII,88,Villivakkam / Anna Nagar West,5.76,6.58,7.1,,,,,,,,,,6.4799999999999995,2024
89.0,VII,89,Anna Nagar West Extension,2.57,2.91,3.07,,,,,,,,,,2.85,2024
90.0,VII,90,Padikuppam,3.01,3.52,4.0,,,,,,,,,,3.51,2024
91.0,VII,91,Nolambur (Part) / Mugappair Eri Scheme,8.08,8.55,8.79,,,,,,,,,,8.473333333333334,2024
92.0,VII,92,Padi Pudhu nagar,3.68,3.98,3.99,,,,,,,,,,3.8833333333333333,2024
93.0,VII,93,Maduravoyal (Part) / Nerkundram (Part),2.58,2.58,2.79,,,,,,,,,,2.65,2024
94.0,VIII,94,Villivakkam North,2.1,3.02,4.87,,,,,,,,,,3.33,2024
95.0,VIII,95,Vasantham Colony,5.15,6.46,6.83,,,,,,,,,,6.146666666666666,2024
96.0,VIII,96,Viduthalai Gurusamy Nagar South,2.28,3.15,3.65,,,,,,,,,,3.026666666666667,2024
97.0,VIII,97,Ayanavaram,0.72,1.18,1.56,,,,,,,,,,1.1533333333333333,2024
98.0,VIII,98,Pannerselvam Nagar,3.61,4.01,4.21,,,,,,,,,,3.943333333333333,2024
99.0,VIII,99,Villivakkam South,6.59,8.09,8.38,,,,,,,,,,7.686666666666667,2024
100.0,VIII,100,Anna Nagar (West),6.67,8.38,9.47,,,,,,,,,,8.173333333333334,2024
101.0,VIII,101,Anna Nagar (Central),2.64,3.02,3.2,,,,,,,,,,2.953333333333333,2024
102.0,VIII,102,Anna Nagar (East),2.01,2.22,2.58,,,,,,,,,,2.27,2024
103.0,VIII,103,Shenoy Nagar,6.05,6.98,7.86,,,,,,,,,,6.963333333333334,2024
104.0,VIII,104,Purasawalkam,2.39,3.51,4.44,,,,,,,,,,3.4466666666666668,2024
105.0,VIII,105,Aminjikarai West,3.94,4.98,6.34,,,,,,,,,,5.086666666666667,2024
106.0,VIII,106,Aminjikarai East,2.81,3.8,4.46,,,,,,,,,,3.69,2024
107.0,VIII,107,Chetpet / Kilpauk South,3.68,4.22,4.76,,,,,,,,,,4.22,2024
108.0,VIII,108,Aminjikarai Central,3.68,4.22,4.75,,,,,,,,,,4.216666666666667,2024
109.0,IX,109,Periyar Nagar North,3.28,4.185,5.04,,,,,,,,,,4.168333333333333,2024
110.0,IX,110,Nungambakkam,6.77,8.06,8.99,,,,,,,,,,7.94,2024
111.0,IX,111,Thousand Lights,10.8,11.71,12.35,,,,,,,,,,11.62,2024
112.0,IX,112,Vadapalani East,5.62,7.47,8.39,,,,,,,,,,7.16,2024
113.0,IX,113,Nakkeerar Nagar,5.02,6.51,7.48,,,,,,,,,,6.336666666666666,2024
114.0,IX,114,Chepauk,4.04,4.86,5.75,,,,,,,,,,4.883333333333334,2024
115.0,IX,115,Amir mahal,3.2,4.81,5.79,,,,,,,,,,4.6000000000000005,2024
116.0,IX,116,Thiruvallikeni,4.49,4.24,5.58,,,,,,,,,,4.7700000000000005,2024
117.0,IX,117,Sathiyamoorthi Nagar,6.83,7.94,8.31,,,,,,,,,,7.6933333333333325,2024
118.0,IX,118,Teynampet,6.73,8.33,8.83,,,,,,,,,,7.963333333333334,2024
119.0,IX,119,Azad Nagar North / South,5.67,6.97,7.71,,,,,,,,,,6.783333333333334,2024
120.0,IX,120,Krishnampet,2.67,3.49,4.04,,,,,,,,,,3.4,2024
121.0,IX,121,Vivekanandhapuram,1.93,2.23,2.58,,,,,,,,,,2.2466666666666666,2024
122.0,IX,122,Alwarpet (South),10.7,11.64,12.57,,,,,,,,,,11.636666666666665,2024
123.0,IX,123,Bhemmannapet,5.21,6.46,6.61,,,,,,,,,,6.093333333333334,2024
124.0,IX,124,Mylapore,2.96,3.49,3.95,,,,,,,,,,3.466666666666667,2024
125.0,IX,125,Santhome,1.19,1.56,2.01,,,,,,,,,,1.5866666666666667,2024
126.0,IX,126,Avvai Nagar North,4.41,4.88,5.03,,,,,,,,,,4.773333333333333,2024
127.0,X,127,Virugambakkam North,12.06,12.85,12.32,,,,,,,,,,12.410000000000002,2024
128.0,X,128,Virugambakkam South,2.73,3.35,3.59,,,,,,,,,,3.223333333333333,2024
129.0,X,129,Saligramam,1.77,2.65,2.9,,,,,,,,,,2.44,2024
130.0,X,130,Vadapalani West,4.98,5.72,6.28,,,,,,,,,,5.66,2024
131.0,X,131,Kodambakkam North,1.56,1.82,1.95,,,,,,,,,,1.7766666666666666,2024
132.0,X,132,Ashok Nagar,3.3,4.58,4.95,,,,,,,,,,4.276666666666666,2024
133.0,X,133,MGR Nagar,4.68,5.52,5.64,,,,,,,,,,5.28,2024
134.0,X,134,Navalar Nedunchezian Nagar East,3.5,4.4,4.76,,,,,,,,,,4.22,2024
135.0,X,135,Kamarajar Nagar South / East,4.43,6.25,7.64,,,,,,,,,,6.1066666666666665,2024
136.0,X,136,Thiyagaraya Nagar,4.92,5.95,6.7,,,,,,,,,,5.8566666666666665,2024
137.0,X,137,Kodambakkam (S),1.9,2.47,2.5,,,,,,,,,,2.29,2024
138.0,X,138,Kalaignar Karunanidhi Nagar,12.26,14.23,15.86,,,,,,,,,,14.116666666666667,2024
139.0,X,139,Saidapet (West),1.88,2.72,3.45,,,,,,,,,,2.6833333333333336,2024
140.0,X,140,Kumaran Nagar North / South,2.96,4.17,4.79,,,,,,,,,,3.973333333333333,2024
141.0,X,141,VOC Nagar,10.35,11.2,11.84,,,,,,,,,,11.13,2024
142.0,X,142,Saidapet East,5.46,6.11,6.65,,,,,,,,,,6.073333333333333,2024
143.0,XI,143,Nolambur,1.72,2.189,2.55,,,,,,,,,,2.153,2024
144.0,XI,144,Mettukuppam,3.65,4.86,5.61,,,,,,,,,,4.706666666666667,2024
145.0,XI,145,Nerkundram,3.12,4.09,4.59,,,,,,,,,,3.9333333333333336,2024
146.0,XI,146,Nerkundram,1.73,2.53,2.96,,,,,,,,,,2.4066666666666667,2024
147.0,XI,147,Maduravoyal,1.63,2.58,3.44,,,,,,,,,,2.5500000000000003,2024
148.0,XI,148,Nerkundram,1.6,5.44,3.1,,,,,,,,,,3.3800000000000003,2024
149.0,XI,149,Valasaravakkam,2.24,2.91,3.19,,,,,,,,,,2.78,2024
150.0,XI,150,Karambakkam,0.9,1.31,1.59,,,,,,,,,,1.2666666666666666,2024
151.0,XI,151,Porur,2.55,3.32,3.61,,,,,,,,,,3.1599999999999997,2024
152.0,XI,152,Valasaravakkam,2.4,2.79,3.27,,,,,,,,,,2.82,2024
153.0,XI,153,Porur,4.41,4.52,4.76,,,,,,,,,,4.5633333333333335,2024
154.0,XI,154,Ramapuram,2.68,3.37,3.95,,,,,,,,,,3.3333333333333335,2024
155.0,XI,155,Ramapuram,2.75,3.23,3.61,,,,,,,,,,3.1966666666666668,2024
156.0,XII,156,Mugalivakkam,,,,,,,,,,,,,,2024
157.0,XII,157,Manapakkam,3.25,3.81,4.57,,,,,,,,,,3.876666666666667,2024
158.0,XII,158,Nandambakkam,4.0,3.95,2.75,,,,,,,,,,3.5666666666666664,2024
159.0,XII,159,Meenampakkam,3.73,4.96,5.49,,,,,,,,,,4.726666666666667,2024
160.0,XII,160,Alandur,1.76,3.11,6.7,,,,,,,,,,3.856666666666667,2024
161.0,XII,161,Alandur Part / Adampakkam Part,2.77,3.73,3.16,,,,,,,,,,3.22,2024
162.0,XII,162,T.G.Nagar / Nanganallur Part,2.86,3.78,3.95,,,,,,,,,,3.53,2024
163.0,XII,163,Adampakkam Part,2.47,4.3,5.09,,,,,,,,,,3.953333333333333,2024
164.0,XII,164,Nanganallur Part / Pazhavanthangal Part,3.91,4.42,4.95,,,,,,,,,,4.426666666666667,2024
165.0,XII,165,Adampakkam Part / Balaji Nagar,3.61,4.63,4.6,,,,,,,,,,4.28,2024
166.0,XII,166,B.V.Nagar / Nanganallur Part,2.31,3.16,4.4,,,,,,,,,,3.2900000000000005,2024
167.0,XII,167,Nanganallur,2.12,2.87,3.08,,,,,,,,,,2.69,2024
170.0,XIII,170,Guindy West,3.84,4.42,4.95,,,,,,,,,,4.403333333333333,2024
171.0,XIII,171,GD Naidu Nagar South,4.14,4.88,5.32,,,,,,,,,,4.78,2024
172.0,XIII,172,GD Naidu Nagar East,2.04,3.3,3.09,,,,,,,,,,2.81,2024
173.0,XIII,173,Raja Annamalaipuram,1.58,1.86,2.01,,,,,,,,,,1.8166666666666667,2024
174.0,XIII,174,Guindy East,1.48,2.03,2.01,,,,,,,,,,1.8399999999999999,2024
175.0,XIII,175,Adyar West,2.08,2.85,3.34,,,,,,,,,,2.7566666666666664,2024
176.0,XIII,176,Adyar East,1.69,2.24,2.72,,,,,,,,,,2.216666666666667,2024
177.0,XIII,177,Velachery,1.64,2.16,2.4,,,,,,,,,,2.0666666666666664,2024
178.0,XIII,178,Velachery,0.85,0.9,1.04,,,,,,,,,,0.93,2024
179.0,XIII,179,Velachery,2.72,3.16,3.36,,,,,,,,,,3.08,2024
180.0,XIII,180,Thiruvanmiyur West,1.15,1.15,1.15,,,,,,,,,,1.15,2024
181.0,XIII,181,Thiruvanmiyur,1.36,1.74,1.97,,,,,,,,,,1.6900000000000002,2024
182.0,XIII,182,Thiruvanmiyur,1.83,2.29,2.66,,,,,,,,,,2.2600000000000002,2024
,XIV,168,Ullagaram,3.55,4.63,5.64,,,,,,,,,,4.6066666666666665,2024
,XIV,169,Puzhuthivakkam,0.47,0.63,2.03,,,,,,,,,,1.0433333333333332,2024
183.0,XIV,183,Kottivakkam,2.84,2.42,3.39,,,,,,,,,,2.8833333333333333,2024
184.0,XIV,184,Perungudi,1.76,3.2,3.68,,,,,,,,,,2.8800000000000003,2024
185.0,XIV,185,Palavakkam,3.26,3.7,3.96,,,,,,,,,,3.64,2024
186.0,XIV,186,Perungudi,7.14,9.72,11.16,,,,,,,,,,9.34,2024
187.0,XIV,187,Madipakkam,0.6,0.9,1.36,,,,,,,,,,0.9533333333333335,2024
188.0,XIV,188,Madipakkam,1.9,2.77,3.59,,,,,,,,,,2.7533333333333334,2024
189.0,XIV,189,Pallikaranai,0.8,1.1,2.68,,,,,,,,,,1.5266666666666666,2024
190.0,XIV,190,Pallikarania,2.44,3.44,3.36,,,,,,,,,,3.08,2024
191.0,XIV,191,Jalladampettai,2.34,4.38,4.52,,,,,,,,,,3.746666666666666,2024
192.0,XV,192,Neelankarai,3.52,4.22,4.78,,,,,,,,,,4.173333333333333,2024
193.0,XV,193,Neelankarai,1.89,2.17,2.37,,,,,,,,,,2.143333333333333,2024
194.0,XV,194,Okkiyam Thuraipakkam,1.96,2.28,2.42,,,,,,,,,,2.22,2024
195.0,XV,195,Okkiyam Thuraipakkam,1.65,1.7,1.74,,,,,,,,,,1.6966666666666665,2024
196.0,XV,196,Injampakkam,5.28,5.7,6.01,,,,,,,,,,5.663333333333334,2024
197.0,XV,197,Karapakkam,1.48,2.29,2.82,,,,,,,,,,2.1966666666666668,2024
198.0,XV,198,Shozhinganallur,4.47,5.91,6.51,,,,,,,,,,5.63,2024
199.0,XV,199,Uthandi,0.84,1.38,1.76,,,,,,,,,,1.3266666666666664,2024
200.0,XV,200,Semmenchery,2.81,3.58,3.59,,,,,,,,,,3.3266666666666667,2024
